date,unemployment,yield_curve,fed_funds_rate,cpi,industrial_production,housing_starts,initial_claims,consumer_sentiment,recession
1990-01-01,5.4,0.12142857142857141,8.23,127.5,61.729,1551.0,361000.0,93.0,0
1990-02-01,5.3,0.10263157894736842,8.24,128.0,62.2896,1437.0,358250.0,89.5,0
1990-03-01,5.2,-0.038181818181818185,8.28,128.6,62.5999,1289.0,345200.0,91.3,0
1990-04-01,5.4,0.0615,8.26,128.9,62.4359,1248.0,361750.0,93.9,0
1990-05-01,5.4,0.11590909090909092,8.18,129.1,62.6258,1212.0,355250.0,90.6,0
1990-06-01,5.2,0.12904761904761905,8.29,129.9,62.8382,1177.0,362400.0,88.3,0
1990-07-01,5.5,0.3142857142857143,8.15,130.5,62.7284,1171.0,367000.0,88.2,0
1990-08-01,5.7,0.691304347826087,8.13,131.6,62.9475,1115.0,384250.0,76.4,1
1990-09-01,5.9,0.8136842105263158,8.2,132.5,62.9523,1110.0,394000.0,72.8,1
1990-10-01,5.9,0.8418181818181818,8.11,133.4,62.5845,1014.0,425250.0,63.9,1
1990-11-01,6.2,0.7935,7.81,133.7,61.7887,1145.0,446750.0,66.0,1
1990-12-01,6.3,0.761,7.31,134.2,61.3352,969.0,455000.0,65.5,1
1991-01-01,6.4,0.9676190476190476,6.91,134.7,61.1355,798.0,439750.0,66.8,1
1991-02-01,6.6,0.9878947368421053,6.25,134.8,60.6838,965.0,484000.0,70.4,1
1991-03-01,6.8,1.0070000000000001,6.12,134.8,60.3346,921.0,498600.0,87.7,1
1991-04-01,6.7,1.0909090909090908,5.91,135.1,60.4938,1001.0,467250.0,81.8,0
1991-05-01,6.9,1.2840909090909092,5.78,135.6,61.0633,996.0,447000.0,78.3,0
1991-06-01,6.9,1.328,5.9,136.0,61.5581,1036.0,428600.0,82.1,0
1991-07-01,6.8,1.355,5.82,136.2,61.7305,1063.0,418250.0,82.9,0
1991-08-01,6.9,1.466818181818182,5.66,136.6,61.7298,1049.0,431600.0,82.0,0
1991-09-01,6.9,1.4685000000000001,5.45,137.0,62.2195,1015.0,424500.0,83.0,0
1991-10-01,7.0,1.615,5.21,137.2,62.1855,1079.0,422750.0,78.3,0
1991-11-01,7.0,1.858421052631579,4.81,137.8,62.0871,1103.0,445400.0,69.1,0
1991-12-01,7.3,2.0628571428571427,4.43,138.2,61.7852,1079.0,456750.0,68.2,0
1992-01-01,7.3,2.0742857142857143,4.03,138.3,61.4616,1176.0,439000.0,67.5,0
1992-02-01,7.4,2.1257894736842107,4.06,138.6,61.8955,1250.0,442200.0,68.8,0
1992-03-01,7.4,1.8572727272727272,3.98,139.1,62.4232,1297.0,429500.0,76.0,0
1992-04-01,7.4,2.136190476190476,3.73,139.4,62.897,1099.0,418250.0,77.2,0
1992-05-01,7.6,2.1665,3.82,139.7,63.104,1214.0,417400.0,79.2,0
1992-06-01,7.8,2.213636363636364,3.76,140.1,63.1363,1145.0,418750.0,80.4,0
1992-07-01,7.7,2.489090909090909,3.25,140.5,63.7176,1139.0,442750.0,76.6,0
1992-08-01,7.6,2.392857142857143,3.3,140.8,63.3613,1226.0,407200.0,76.1,0
1992-09-01,7.6,2.520952380952381,3.22,141.1,63.5703,1186.0,417000.0,75.6,0
1992-10-01,7.3,2.5061904761904765,3.1,141.7,63.9995,1244.0,377800.0,73.3,0
1992-11-01,7.4,2.2936842105263158,3.09,142.1,64.2422,1214.0,362250.0,85.3,0
1992-12-01,7.4,2.096363636363636,2.92,142.3,64.3507,1227.0,339000.0,91.0,0
1993-01-01,7.3,2.21,3.02,142.8,64.5978,1210.0,345600.0,89.3,0
1993-02-01,7.1,2.1605263157894736,3.03,143.1,64.9089,1210.0,338250.0,86.6,0
1993-03-01,7.0,2.0256521739130435,3.07,143.3,64.8522,1083.0,351000.0,85.9,0
1993-04-01,7.1,2.131904761904762,2.96,143.8,65.0301,1258.0,354750.0,85.6,0
1993-05-01,7.1,2.0585,3.0,144.2,64.784,1260.0,343600.0,80.3,0
1993-06-01,7.0,1.799090909090909,3.04,144.3,64.9301,1280.0,342750.0,81.5,0
1993-07-01,6.9,1.7333333333333332,3.06,144.5,65.1052,1254.0,350800.0,77.0,0
1993-08-01,6.8,1.6763636363636365,3.03,144.8,65.0267,1300.0,341000.0,77.3,0
1993-09-01,6.7,1.512857142857143,3.09,145.0,65.3717,1343.0,339000.0,77.9,0
1993-10-01,6.8,1.4594999999999998,2.99,145.6,65.8509,1392.0,349800.0,82.7,0
1993-11-01,6.6,1.5685,3.02,146.0,66.1518,1376.0,341000.0,81.2,0
1993-12-01,6.5,1.5618181818181818,2.96,146.3,66.5436,1533.0,323000.0,88.2,0
1994-01-01,6.6,1.6105,3.05,146.3,66.7351,1272.0,359200.0,94.3,0
1994-02-01,6.6,1.4989473684210526,3.25,146.7,66.774,1337.0,348500.0,93.2,0
1994-03-01,6.5,1.4873913043478262,3.34,147.1,67.4552,1564.0,335750.0,91.5,0
1994-04-01,6.4,1.4226315789473685,3.56,147.2,67.8541,1465.0,344000.0,92.6,0
1994-05-01,6.1,1.2152380952380952,4.01,147.5,68.1663,1526.0,359000.0,92.8,0
1994-06-01,6.1,1.17,4.25,147.9,68.6265,1409.0,340000.0,91.2,0
1994-07-01,6.1,1.168,4.26,148.4,68.7178,1439.0,342200.0,89.0,0
1994-08-01,6.0,1.058695652173913,4.47,149.0,69.1785,1450.0,336250.0,91.7,0
1994-09-01,5.9,1.0647619047619048,4.73,149.3,69.3961,1474.0,330250.0,91.5,0
1994-10-01,5.8,1.0154999999999998,4.76,149.4,69.9544,1450.0,333400.0,92.7,0
1994-11-01,5.6,0.8065,5.29,149.8,70.4326,1511.0,328000.0,91.6,0
1994-12-01,5.5,0.22428571428571428,5.45,150.1,71.1523,1455.0,323200.0,95.1,0
1995-01-01,5.6,0.2725,5.53,150.5,71.2734,1407.0,333500.0,97.6,0
1995-02-01,5.4,0.35789473684210527,5.92,150.9,71.193,1316.0,337750.0,95.1,0
1995-03-01,5.4,0.42913043478260865,5.98,151.2,71.3113,1249.0,340250.0,90.3,0
1995-04-01,5.8,0.4947368421052632,6.05,151.8,71.1882,1267.0,350200.0,92.5,0
1995-05-01,5.6,0.46181818181818185,6.01,152.1,71.5378,1314.0,370250.0,89.8,0
1995-06-01,5.6,0.4522727272727272,6.0,152.4,71.7749,1281.0,366250.0,92.7,0
1995-07-01,5.7,0.49799999999999994,5.85,152.6,71.4748,1461.0,371400.0,94.4,0
1995-08-01,5.7,0.5073913043478261,5.74,152.9,72.4223,1416.0,356250.0,96.2,0
1995-09-01,5.6,0.3915,5.8,153.1,72.7144,1369.0,362000.0,88.9,0
1995-10-01,5.5,0.3476190476190476,5.76,153.5,72.5866,1369.0,371500.0,90.2,0
1995-11-01,5.6,0.45142857142857146,5.8,153.7,72.7779,1452.0,377000.0,88.2,0
1995-12-01,5.6,0.387,5.6,153.9,73.0305,1431.0,365000.0,91.0,0
1996-01-01,5.6,0.54,5.56,154.7,72.6125,1467.0,374000.0,89.3,0
1996-02-01,5.5,0.78,5.22,155.0,73.6752,1491.0,377250.0,88.5,0
1996-03-01,5.5,0.6076190476190476,5.31,155.5,73.585,1424.0,386400.0,93.7,0
1996-04-01,5.6,0.5540909090909091,5.22,156.1,74.3172,1516.0,359250.0,92.7,0
1996-05-01,5.6,0.6418181818181817,5.24,156.4,74.8726,1504.0,344500.0,89.4,0
1996-06-01,5.3,0.615,5.27,156.7,75.4433,1467.0,342200.0,92.4,0
1996-07-01,5.5,0.5954545454545455,5.4,157.0,75.4549,1472.0,337000.0,94.7,0
1996-08-01,5.1,0.6063636363636363,5.22,157.2,75.8411,1557.0,331800.0,95.3,0
1996-09-01,5.2,0.598,5.3,157.7,76.3158,1475.0,342750.0,94.7,0
1996-10-01,5.2,0.620909090909091,5.24,158.2,76.3384,1392.0,339000.0,96.5,0
1996-11-01,5.4,0.5021052631578947,5.31,158.7,77.0397,1489.0,336400.0,99.2,0
1996-12-01,5.4,0.5204761904761904,5.29,159.1,77.5333,1370.0,353500.0,96.9,0
1997-01-01,5.3,0.570952380952381,5.25,159.4,77.6562,1355.0,339000.0,97.4,0
1997-02-01,5.2,0.5210526315789474,5.19,159.7,78.5833,1486.0,320750.0,99.7,0
1997-03-01,5.2,0.4725,5.39,159.8,79.082,1457.0,319400.0,100.0,0
1997-04-01,5.1,0.43727272727272726,5.51,159.9,79.1747,1492.0,327000.0,101.4,0
1997-05-01,4.9,0.4342857142857143,5.5,159.9,79.6133,1442.0,323800.0,103.2,0
1997-06-01,5.0,0.3990476190476191,5.56,160.2,79.9792,1494.0,325500.0,104.5,0
1997-07-01,4.9,0.32954545454545453,5.52,160.4,80.6624,1437.0,320250.0,107.1,0
1997-08-01,4.8,0.3595238095238095,5.54,160.8,81.4694,1390.0,330200.0,104.4,0
1997-09-01,4.9,0.32666666666666666,5.54,161.2,82.2156,1546.0,315250.0,106.0,0
1997-10-01,4.7,0.25772727272727275,5.5,161.5,82.9446,1520.0,310000.0,105.6,0
1997-11-01,4.6,0.1622222222222222,5.52,161.7,83.5978,1510.0,314600.0,107.2,0
1997-12-01,4.7,0.09363636363636364,5.5,161.8,83.9538,1566.0,313250.0,102.1,0
1998-01-01,4.6,0.1875,5.56,162.0,84.3218,1525.0,321200.0,106.6,0
1998-02-01,4.6,0.1568421052631579,5.51,162.0,84.4583,1584.0,319000.0,110.4,0
1998-03-01,4.7,0.08590909090909092,5.49,162.0,84.488,1567.0,315000.0,106.5,0
1998-04-01,4.3,0.07333333333333333,5.45,162.2,84.7779,1540.0,311000.0,108.7,0
1998-05-01,4.4,0.059,5.49,162.6,85.3367,1536.0,311200.0,106.5,0
1998-06-01,4.5,-0.023636363636363636,5.56,162.8,84.8248,1641.0,338000.0,105.6,0
1998-07-01,4.5,0.0031818181818181815,5.54,163.2,84.4986,1698.0,333000.0,105.2,0
1998-08-01,4.5,0.07333333333333333,5.55,163.4,86.248,1614.0,312600.0,104.4,0
1998-09-01,4.6,0.14047619047619048,5.51,163.5,86.2021,1582.0,304000.0,100.9,0
1998-10-01,4.5,0.43809523809523804,5.07,163.9,86.7914,1715.0,310600.0,97.4,0
1998-11-01,4.4,0.28736842105263155,4.83,164.1,86.7256,1660.0,316000.0,102.7,0
1998-12-01,4.4,0.13863636363636364,4.68,164.4,87.1185,1792.0,316000.0,100.5,0
1999-01-01,4.3,0.1068421052631579,4.63,164.7,87.4949,1748.0,326200.0,103.9,0
1999-02-01,4.4,0.12263157894736842,4.76,164.7,88.027,1670.0,301500.0,108.1,0
1999-03-01,4.2,0.17956521739130435,4.81,164.8,88.2267,1710.0,302750.0,105.7,0
1999-04-01,4.3,0.20772727272727273,4.74,165.9,88.4295,1553.0,308500.0,104.6,0
1999-05-01,4.2,0.28500000000000003,4.74,166.0,88.9886,1611.0,301600.0,106.8,0
1999-06-01,4.3,0.2809090909090909,4.76,166.0,88.9188,1559.0,294000.0,107.3,0
1999-07-01,4.3,0.23714285714285716,4.99,166.7,89.4333,1669.0,298000.0,106.0,0
1999-08-01,4.2,0.2609090909090909,5.07,167.1,89.7924,1648.0,290750.0,104.5,0
1999-09-01,4.2,0.25333333333333335,5.22,167.8,89.4299,1635.0,289500.0,107.2,0
1999-10-01,4.1,0.2495,5.2,168.1,90.523,1608.0,290400.0,103.2,0
1999-11-01,4.1,0.172,5.42,168.4,90.9618,1648.0,281750.0,107.2,0
1999-12-01,4.0,0.1709090909090909,5.3,168.8,91.6634,1708.0,278500.0,105.4,0
2000-01-01,4.0,0.221,5.45,169.3,91.538,1636.0,288400.0,112.0,0
2000-02-01,4.1,-0.091,5.73,170.0,91.8239,1737.0,293750.0,111.3,0
2000-03-01,4.0,-0.2717391304347826,5.85,171.0,92.1504,1604.0,274750.0,107.1,0
2000-04-01,3.8,-0.4131578947368421,6.02,170.9,92.6989,1626.0,271600.0,109.2,0
2000-05-01,4.0,-0.3690909090909091,6.27,171.2,92.9499,1575.0,282250.0,110.7,0
2000-06-01,4.0,-0.3845454545454546,6.53,172.2,92.9862,1559.0,291000.0,106.4,0
2000-07-01,4.0,-0.28500000000000003,6.54,172.7,92.8048,1463.0,295000.0,108.3,0
2000-08-01,4.1,-0.4026086956521739,6.5,172.7,92.5521,1541.0,312750.0,107.3,0
2000-09-01,3.9,-0.28250000000000003,6.52,173.6,92.9792,1507.0,300200.0,106.8,0
2000-10-01,3.9,-0.1738095238095238,6.51,173.9,92.6179,1549.0,301000.0,105.8,0
2000-11-01,3.9,-0.15809523809523812,6.51,174.2,92.6438,1551.0,334250.0,107.6,0
2000-12-01,3.9,-0.1115,6.4,174.6,92.3415,1532.0,346000.0,98.4,0
2001-01-01,4.2,0.40095238095238095,5.98,175.6,91.902,1600.0,340000.0,94.7,0
2001-02-01,4.2,0.4421052631578948,5.49,176.0,91.3034,1625.0,371250.0,90.6,0
2001-03-01,4.3,0.5431818181818181,5.31,176.1,91.1162,1590.0,387200.0,91.5,0
2001-04-01,4.4,0.907,4.8,176.4,90.7891,1649.0,396750.0,88.4,1
2001-05-01,4.3,1.1313636363636363,4.21,177.3,90.3555,1605.0,394500.0,92.0,1
2001-06-01,4.5,1.2042857142857142,3.97,177.7,89.8784,1636.0,397200.0,92.6,1
2001-07-01,4.6,1.1976190476190476,3.77,177.4,89.3028,1670.0,398000.0,92.4,1
2001-08-01,4.9,1.2139130434782608,3.65,177.4,89.2003,1567.0,398000.0,91.5,1
2001-09-01,5.0,1.6129411764705883,3.07,178.1,88.7485,1562.0,435000.0,81.8,1
2001-10-01,5.3,1.8409090909090908,2.49,177.6,88.5052,1540.0,480750.0,82.7,1
2001-11-01,5.5,1.8690000000000002,2.09,177.5,87.97,1602.0,447500.0,83.9,1
2001-12-01,5.7,1.9805,1.82,177.4,87.9324,1568.0,416800.0,88.8,0
2002-01-01,5.7,2.0076190476190474,1.73,177.7,88.5176,1698.0,408500.0,93.0,0
2002-02-01,5.7,1.8963157894736842,1.74,178.0,88.5278,1829.0,399000.0,90.7,0
2002-03-01,5.7,1.7265000000000001,1.73,178.5,89.1686,1642.0,415400.0,95.7,0
2002-04-01,5.9,1.7881818181818183,1.75,179.3,89.604,1592.0,429250.0,93.0,0
2002-05-01,5.8,1.9004545454545456,1.75,179.5,89.964,1764.0,409000.0,96.9,0
2002-06-01,5.8,1.9335,1.75,179.6,90.7061,1717.0,387200.0,92.4,0
2002-07-01,5.8,2.096363636363636,1.73,180.0,90.6769,1655.0,386000.0,88.1,0
2002-08-01,5.7,2.1236363636363635,1.74,180.5,90.5762,1633.0,393600.0,87.6,0
2002-09-01,5.7,1.8655000000000002,1.75,180.8,90.6531,1804.0,409500.0,86.1,0
2002-10-01,5.7,2.0290909090909093,1.75,181.2,90.4643,1648.0,407500.0,80.6,0
2002-11-01,5.9,2.125263157894737,1.34,181.5,90.9711,1753.0,392200.0,84.2,0
2002-12-01,6.0,2.1961904761904765,1.24,181.8,90.4652,1788.0,414250.0,86.7,0
2003-01-01,5.8,2.305238095238095,1.24,182.6,91.2361,1853.0,395000.0,82.4,0
2003-02-01,5.9,2.274736842105263,1.26,183.6,91.3445,1629.0,411000.0,79.9,0
2003-03-01,5.9,2.2333333333333334,1.25,183.9,91.1044,1726.0,427400.0,77.6,0
2003-04-01,6.0,2.336190476190476,1.26,183.2,90.5617,1643.0,436250.0,86.0,0
2003-05-01,6.1,2.1538095238095236,1.26,182.9,90.537,1751.0,424000.0,92.1,0
2003-06-01,6.3,2.107142857142857,1.22,183.1,90.6527,1867.0,421750.0,89.7,0
2003-07-01,6.2,2.5013636363636365,1.01,183.7,91.1185,1897.0,411500.0,90.9,0
2003-08-01,6.1,2.580952380952381,1.03,184.5,90.9197,1833.0,400200.0,89.3,0
2003-09-01,6.1,2.568095238095238,1.01,185.1,91.5059,1939.0,395500.0,87.7,0
2003-10-01,6.0,2.5427272727272725,1.01,184.9,91.6186,1967.0,382000.0,89.6,0
2003-11-01,5.8,2.373333333333333,1.0,185.0,92.2329,2083.0,363000.0,93.7,0
2003-12-01,5.7,2.3604545454545454,0.98,185.5,92.2602,2057.0,358250.0,92.6,0
2004-01-01,5.7,2.3895,1.0,186.3,92.4006,1911.0,360200.0,103.8,0
2004-02-01,5.6,2.3442105263157895,1.01,186.7,92.958,1846.0,360750.0,94.4,0
2004-03-01,5.8,2.248695652173913,1.0,187.1,92.5861,1998.0,342000.0,95.8,0
2004-04-01,5.6,2.276666666666667,1.0,187.4,92.93,2003.0,348250.0,94.2,0
2004-05-01,5.6,2.182,1.0,188.2,93.6013,1981.0,336200.0,90.2,0
2004-06-01,5.6,1.9704761904761903,1.03,188.9,92.871,1828.0,349000.0,95.6,0
2004-07-01,5.5,1.8595238095238094,1.26,189.1,93.5649,2002.0,343000.0,96.7,0
2004-08-01,5.4,1.7731818181818182,1.43,189.2,93.6277,2024.0,340750.0,95.9,0
2004-09-01,5.4,1.6004761904761904,1.61,189.8,93.7467,1905.0,337250.0,94.2,0
2004-10-01,5.5,1.5125,1.76,190.8,94.5465,2072.0,334000.0,91.7,0
2004-11-01,5.4,1.342,1.93,191.7,94.7813,1782.0,328750.0,92.8,0
2004-12-01,5.4,1.219090909090909,2.16,191.7,95.5365,2042.0,325250.0,97.1,0
2005-01-01,5.3,0.999,2.28,191.6,95.8801,2144.0,343400.0,95.5,0
2005-02-01,5.4,0.7805263157894737,2.5,192.4,96.5761,2207.0,311750.0,94.1,0
2005-03-01,5.2,0.770909090909091,2.63,193.1,96.4456,1864.0,332000.0,92.6,0
2005-04-01,5.2,0.6871428571428572,2.79,193.7,96.6532,2061.0,323200.0,87.7,0
2005-05-01,5.1,0.5004761904761905,3.0,193.6,96.7402,2025.0,327000.0,86.9,0
2005-06-01,5.0,0.3577272727272727,3.04,193.7,97.1753,2068.0,325750.0,96.0,0
2005-07-01,5.0,0.3065,3.26,194.9,96.8676,2054.0,324400.0,96.5,0
2005-08-01,4.9,0.21826086956521742,3.5,196.1,97.1833,2095.0,315750.0,89.1,0
2005-09-01,5.0,0.2528571428571429,3.62,198.8,95.3005,2151.0,382750.0,76.9,0
2005-10-01,5.0,0.1925,3.78,199.1,96.4572,2065.0,352200.0,74.2,0
2005-11-01,5.0,0.11850000000000001,4.0,198.1,97.5414,2147.0,317250.0,81.6,0
2005-12-01,4.9,0.06285714285714286,4.16,198.1,98.0452,1994.0,316400.0,91.5,0
2006-01-01,4.7,0.020499999999999997,4.29,199.3,98.1999,2273.0,295750.0,91.2,0
2006-02-01,4.8,-0.09947368421052633,4.49,199.4,98.2413,2119.0,290750.0,86.7,0
2006-03-01,4.7,-0.009999999999999998,4.59,199.7,98.4628,1969.0,301750.0,88.9,0
2006-04-01,4.7,0.10157894736842105,4.79,200.7,98.7618,1821.0,303600.0,87.4,0
2006-05-01,4.6,0.14181818181818182,4.94,201.3,98.7869,1942.0,332750.0,79.1,0
2006-06-01,4.6,-0.015454545454545453,4.99,201.8,99.0997,1802.0,305500.0,84.9,0
2006-07-01,4.7,-0.031,5.24,202.9,99.0489,1737.0,318800.0,84.7,0
2006-08-01,4.7,-0.026956521739130435,5.25,203.8,99.4836,1650.0,314250.0,82.0,0
2006-09-01,4.5,-0.05,5.25,202.8,99.3183,1720.0,316200.0,85.4,0
2006-10-01,4.4,-0.06666666666666668,5.25,201.9,99.2044,1491.0,315500.0,93.6,0
2006-11-01,4.5,-0.14523809523809525,5.25,202.0,99.1627,1570.0,326250.0,92.1,0
2006-12-01,4.4,-0.10900000000000001,5.24,203.1,100.1735,1649.0,324000.0,91.7,0
2007-01-01,4.6,-0.11666666666666667,5.25,203.437,99.8346,1409.0,317250.0,96.9,0
2007-02-01,4.5,-0.12631578947368421,5.26,204.226,100.7753,1480.0,322750.0,91.3,0
2007-03-01,4.4,-0.009090909090909092,5.26,205.288,100.9547,1495.0,309400.0,88.4,0
2007-04-01,4.5,0.027619047619047623,5.25,205.904,101.6334,1490.0,320250.0,87.1,0
2007-05-01,4.4,-0.02,5.25,206.755,101.7306,1415.0,304250.0,88.3,0
2007-06-01,4.6,0.12238095238095237,5.25,207.234,101.7893,1448.0,315200.0,85.3,0
2007-07-01,4.7,0.18523809523809526,5.26,207.603,101.6672,1354.0,313250.0,90.4,0
2007-08-01,4.6,0.3617391304347826,5.02,207.667,101.863,1330.0,320000.0,83.4,0
2007-09-01,4.7,0.51,4.94,208.547,102.0894,1183.0,313400.0,83.4,0
2007-10-01,4.7,0.56,4.76,209.19,101.8015,1264.0,328250.0,80.9,0
2007-11-01,4.7,0.8119999999999999,4.49,210.834,102.3446,1197.0,336000.0,76.1,0
2007-12-01,5.0,0.9804999999999999,4.24,211.445,102.3803,1037.0,348200.0,75.5,0
2008-01-01,5.0,1.2685714285714287,3.94,212.174,102.2448,1084.0,338750.0,78.4,1
2008-02-01,4.9,1.7645,2.98,212.687,101.8438,1103.0,346750.0,70.8,1
2008-03-01,5.1,1.893,2.61,213.448,101.5336,1005.0,363400.0,69.5,1
2008-04-01,5.0,1.627727272727273,2.28,213.942,100.8785,1013.0,359500.0,62.6,1
2008-05-01,5.4,1.4342857142857142,1.98,215.208,100.2674,973.0,366800.0,59.8,1
2008-06-01,5.6,1.3257142857142856,2.0,217.463,100.0335,1046.0,383250.0,56.4,1
2008-07-01,5.8,1.4345454545454546,2.01,219.016,99.676,923.0,398000.0,61.2,1
2008-08-01,6.1,1.4652380952380952,2.0,218.69,98.1111,844.0,433000.0,63.0,1
2008-09-01,6.1,1.61,1.81,218.877,93.7895,820.0,464000.0,70.3,1
2008-10-01,6.5,2.2018181818181817,0.97,216.995,94.7219,777.0,475250.0,57.6,1
2008-11-01,6.8,2.3138888888888887,0.39,213.153,93.4715,652.0,519800.0,55.3,1
2008-12-01,7.3,1.5954545454545455,0.16,211.398,90.8357,560.0,564000.0,60.1,1
2009-01-01,7.8,1.7105000000000001,0.15,211.933,88.57,490.0,572000.0,61.2,1
2009-02-01,8.3,1.894736842105263,0.22,212.705,88.031,582.0,644000.0,56.3,1
2009-03-01,8.7,1.8881818181818182,0.18,212.495,86.6528,505.0,659250.0,57.3,1
2009-04-01,9.0,2.0,0.15,212.709,85.9344,478.0,627750.0,65.1,1
2009-05-01,9.4,2.3635,0.18,213.022,85.0665,540.0,612000.0,68.7,1
2009-06-01,9.5,2.5377272727272726,0.21,214.79,84.7459,585.0,598250.0,70.8,1
2009-07-01,9.5,2.5431818181818184,0.16,214.726,85.7027,594.0,566500.0,66.0,0
2009-08-01,9.6,2.4719047619047623,0.16,215.445,86.6426,586.0,559200.0,65.7,0
2009-09-01,9.8,2.4457142857142857,0.15,215.861,87.4063,585.0,547500.0,73.5,0
2009-10-01,10.0,2.4385714285714286,0.12,216.509,87.6419,534.0,525400.0,70.6,0
2009-11-01,9.9,2.599473684210526,0.12,217.234,88.0221,588.0,494000.0,67.4,0
2009-12-01,9.9,2.7154545454545453,0.12,217.347,88.3793,581.0,485500.0,72.5,0
2010-01-01,9.8,2.8042105263157895,0.11,217.488,89.3426,614.0,479800.0,74.4,0
2010-02-01,9.8,2.8342105263157897,0.13,217.281,89.6779,604.0,485750.0,73.6,0
2010-03-01,9.9,2.7686956521739132,0.16,217.353,90.2928,636.0,470250.0,73.6,0
2010-04-01,9.9,2.786363636363636,0.2,217.403,90.5991,687.0,469000.0,72.2,0
2010-05-01,9.6,2.5895,0.2,217.29,91.823,583.0,459400.0,73.6,0
2010-06-01,9.4,2.4795454545454545,0.18,217.199,91.9928,536.0,460500.0,76.0,0
2010-07-01,9.4,2.394761904761905,0.18,217.605,92.3421,546.0,459200.0,67.8,0
2010-08-01,9.5,2.178181818181818,0.19,217.923,92.6805,599.0,475000.0,68.9,0
2010-09-01,9.5,2.1676190476190476,0.19,218.275,92.9537,594.0,453500.0,68.2,0
2010-10-01,9.4,2.164,0.19,219.035,92.6903,543.0,446800.0,67.7,0
2010-11-01,9.8,2.309,0.19,219.59,92.7709,545.0,426250.0,71.6,0
2010-12-01,9.3,2.6727272727272724,0.18,220.472,93.6787,539.0,420250.0,74.5,0
2011-01-01,9.1,2.7794999999999996,0.17,221.187,93.4814,630.0,426800.0,74.2,0
2011-02-01,9.0,2.803684210526316,0.16,221.898,93.1102,517.0,401500.0,77.5,0
2011-03-01,9.0,2.7169565217391307,0.14,223.046,94.0788,600.0,406000.0,67.5,0
2011-04-01,9.1,2.7205000000000004,0.1,224.093,93.7749,554.0,420600.0,69.8,0
2011-05-01,9.0,2.6133333333333333,0.09,224.806,93.888,561.0,422500.0,74.3,0
2011-06-01,9.1,2.591818181818182,0.09,224.806,94.172,608.0,418250.0,71.5,0
2011-07-01,9.0,2.5965,0.07,225.395,94.636,623.0,412600.0,63.7,0
2011-08-01,9.0,2.072608695652174,0.1,226.106,95.2749,585.0,409500.0,55.8,0
2011-09-01,9.0,1.7638095238095237,0.08,226.597,95.1961,650.0,417750.0,59.5,0
2011-10-01,8.8,1.8715,0.07,226.75,95.8568,610.0,402400.0,60.8,0
2011-11-01,8.6,1.7600000000000002,0.08,227.169,95.8485,711.0,389250.0,63.7,0
2011-12-01,8.5,1.720952380952381,0.07,227.223,96.3571,694.0,377000.0,69.9,0
2012-01-01,8.3,1.7260000000000002,0.08,227.842,96.9318,723.0,377750.0,75.0,0
2012-02-01,8.3,1.6895,0.1,228.329,97.2435,704.0,363250.0,75.3,0
2012-03-01,8.2,1.8281818181818181,0.13,228.807,96.74,695.0,366600.0,76.2,0
2012-04-01,8.2,1.7609523809523808,0.14,229.187,97.4359,753.0,381750.0,76.4,0
2012-05-01,8.2,1.518181818181818,0.16,228.713,97.6609,708.0,373500.0,79.3,0
2012-06-01,8.2,1.3304761904761906,0.16,228.524,97.6663,757.0,379200.0,73.2,0
2012-07-01,8.2,1.2785714285714287,0.16,228.59,97.8713,740.0,372500.0,72.3,0
2012-08-01,8.1,1.4095652173913045,0.13,229.918,97.4525,754.0,373250.0,74.3,0
2012-09-01,7.8,1.4678947368421054,0.14,231.015,97.381,847.0,381800.0,78.3,0
2012-10-01,7.8,1.469047619047619,0.16,231.638,97.7193,915.0,368500.0,82.6,0
2012-11-01,7.7,1.386,0.16,231.249,98.0777,833.0,401250.0,82.7,0
2012-12-01,7.9,1.462,0.16,231.221,98.3101,976.0,359000.0,72.9,0
2013-01-01,8.0,1.6495238095238096,0.14,231.679,98.3342,888.0,353000.0,73.8,0
2013-02-01,7.7,1.7168421052631577,0.15,232.937,98.7941,962.0,353000.0,77.6,0
2013-03-01,7.5,1.7015,0.14,232.282,99.1921,1010.0,351800.0,78.6,0
2013-04-01,7.6,1.526818181818182,0.15,231.797,99.1065,835.0,347250.0,76.4,0
2013-05-01,7.5,1.6777272727272725,0.11,231.893,99.1839,930.0,347750.0,84.5,0
2013-06-01,7.5,1.9665,0.09,232.445,99.3897,839.0,344600.0,84.1,0
2013-07-01,7.3,2.2413636363636367,0.09,232.9,99.0814,880.0,346000.0,85.1,0
2013-08-01,7.2,2.380909090909091,0.08,233.456,99.6543,917.0,333400.0,82.1,0
2013-09-01,7.2,2.4055,0.08,233.544,100.161,850.0,314000.0,77.5,0
2013-10-01,7.2,2.2804545454545457,0.09,233.669,100.082,925.0,358500.0,73.2,0
2013-11-01,6.9,2.4147368421052633,0.08,234.1,100.3158,1100.0,328200.0,75.1,0
2013-12-01,6.7,2.5619047619047617,0.09,234.719,100.5175,1002.0,346000.0,82.5,0
2014-01-01,6.6,2.4642857142857144,0.07,235.288,100.1599,888.0,326750.0,81.2,0
2014-02-01,6.7,2.382631578947368,0.07,235.547,100.9168,944.0,335250.0,81.6,0
2014-03-01,6.7,2.3242857142857143,0.08,236.028,101.8942,970.0,321000.0,80.0,0
2014-04-01,6.2,2.288095238095238,0.09,236.468,101.9928,1043.0,322750.0,84.1,0
2014-05-01,6.3,2.17,0.09,236.918,102.3836,1007.0,313800.0,81.9,0
2014-06-01,6.1,2.146190476190476,0.1,237.231,102.735,911.0,313500.0,82.5,0
2014-07-01,6.2,2.0359090909090907,0.09,237.498,102.9632,1085.0,301750.0,81.8,0
2014-08-01,6.1,1.9476190476190476,0.09,237.46,102.7688,984.0,302000.0,82.5,0
2014-09-01,5.9,1.9676190476190476,0.09,237.477,103.0641,1023.0,295000.0,84.6,0
2014-10-01,5.7,1.8586363636363636,0.09,237.43,103.0764,1074.0,288750.0,86.9,0
2014-11-01,5.8,1.7983333333333331,0.09,236.983,103.7126,1001.0,291600.0,88.8,0
2014-12-01,5.6,1.5718181818181818,0.12,236.252,103.7044,1073.0,284500.0,93.6,0
2015-01-01,5.7,1.33,0.11,234.747,102.8905,1085.0,287600.0,98.1,0
2015-02-01,5.5,1.3563157894736841,0.11,235.342,102.2335,886.0,301250.0,95.4,0
2015-03-01,5.4,1.4022727272727273,0.11,235.976,101.8914,960.0,284000.0,93.0,0
2015-04-01,5.4,1.395,0.12,236.222,101.3355,1190.0,286000.0,95.9,0
2015-05-01,5.6,1.5885,0.12,237.001,100.8883,1079.0,274000.0,90.7,0
2015-06-01,5.3,1.675,0.13,237.657,100.571,1205.0,273750.0,96.1,0
2015-07-01,5.2,1.656818181818182,0.13,238.034,101.2228,1146.0,277750.0,93.1,0
2015-08-01,5.1,1.4695238095238095,0.14,238.033,101.0367,1130.0,275200.0,91.9,0
2015-09-01,5.0,1.4595238095238094,0.14,237.498,100.7547,1224.0,269500.0,87.2,0
2015-10-01,5.0,1.4252380952380952,0.12,237.733,100.2675,1058.0,267000.0,90.0,0
2015-11-01,5.1,1.378421052631579,0.12,238.017,99.5298,1172.0,268500.0,91.3,0
2015-12-01,5.0,1.26,0.24,237.761,99.0417,1146.0,271000.0,92.6,0
2016-01-01,4.8,1.1857894736842105,0.34,237.652,99.5607,1092.0,279600.0,92.0,0
2016-02-01,4.9,1.046,0.38,237.336,99.0445,1225.0,266750.0,91.7,0
2016-03-01,5.0,1.014090909090909,0.36,238.08,98.3096,1111.0,263250.0,91.0,0
2016-04-01,5.1,1.0371428571428571,0.37,238.992,98.6421,1163.0,266000.0,89.0,0
2016-05-01,4.8,0.99,0.37,239.557,98.4184,1148.0,274500.0,94.7,0
2016-06-01,4.9,0.9127272727272728,0.38,240.222,98.8833,1203.0,265250.0,93.5,0
2016-07-01,4.8,0.8314999999999999,0.39,240.101,98.9992,1239.0,259400.0,90.0,0
2016-08-01,4.9,0.8191304347826087,0.4,240.545,98.85,1171.0,263500.0,89.8,0
2016-09-01,5.0,0.8595238095238096,0.4,241.176,98.7457,1068.0,251500.0,91.2,0
2016-10-01,4.9,0.9215,0.4,241.741,98.7611,1313.0,255800.0,87.2,0
2016-11-01,4.7,1.1625,0.41,242.026,98.3491,1140.0,245750.0,93.8,0
2016-12-01,4.7,1.2952380952380953,0.54,242.637,99.0214,1252.0,252200.0,98.2,0
2017-01-01,4.7,1.226,0.65,243.618,98.7611,1190.0,244000.0,98.5,0
2017-02-01,4.6,1.2178947368421054,0.66,244.006,98.3646,1271.0,230250.0,96.3,0
2017-03-01,4.4,1.168695652173913,0.79,243.892,99.0137,1190.0,233750.0,96.9,0
2017-04-01,4.4,1.0563157894736843,0.9,244.193,100.0224,1146.0,227800.0,97.0,0
2017-05-01,4.4,1.0018181818181817,0.91,244.004,100.1408,1157.0,239000.0,97.1,0
2017-06-01,4.3,0.8445454545454546,1.04,244.163,100.3471,1249.0,248000.0,95.0,0
2017-07-01,4.3,0.9455,1.15,244.243,100.1068,1206.0,250800.0,93.4,0
2017-08-01,4.4,0.8739130434782609,1.16,245.183,99.6925,1159.0,247750.0,96.8,0
2017-09-01,4.3,0.8175000000000001,1.15,246.435,99.7954,1181.0,272400.0,95.1,0
2017-10-01,4.2,0.8104761904761905,1.15,246.626,101.0247,1257.0,242250.0,100.7,0
2017-11-01,4.2,0.6566666666666666,1.16,247.284,101.2664,1273.0,247750.0,98.5,0
2017-12-01,4.1,0.5585,1.3,247.805,101.4644,1177.0,242600.0,95.9,0
2018-01-01,4.0,0.5519047619047619,1.41,248.859,101.4625,1299.0,235250.0,95.7,0
2018-02-01,4.1,0.6836842105263158,1.42,249.529,101.7085,1277.0,221000.0,99.7,0
2018-03-01,4.0,0.5666666666666667,1.51,249.577,102.2067,1318.0,225800.0,101.4,0
2018-04-01,4.0,0.4847619047619047,1.69,250.227,103.3329,1276.0,221500.0,98.8,0
2018-05-01,3.8,0.4659090909090909,1.7,250.792,102.4024,1357.0,221250.0,98.0,0
2018-06-01,4.0,0.379047619047619,1.82,251.018,103.198,1192.0,222600.0,98.2,0
2018-07-01,3.8,0.28238095238095234,1.91,251.214,103.3646,1208.0,209500.0,97.9,0
2018-08-01,3.8,0.2534782608695652,1.91,251.663,104.0327,1288.0,208500.0,96.2,0
2018-09-01,3.7,0.23631578947368423,1.95,252.182,104.1004,1250.0,205200.0,100.1,0
2018-10-01,3.8,0.2913636363636364,2.19,252.772,103.9856,1221.0,213000.0,98.6,0
2018-11-01,3.8,0.258,2.2,252.594,104.0681,1181.0,225250.0,97.5,0
2018-12-01,3.9,0.1563157894736842,2.27,252.767,104.0936,1095.0,224600.0,98.3,0
2019-01-01,4.0,0.17047619047619048,2.4,252.561,103.4021,1226.0,222750.0,91.2,0
2019-02-01,3.8,0.17210526315789473,2.4,253.319,102.8371,1121.0,222500.0,93.8,0
2019-03-01,3.8,0.16142857142857142,2.41,254.277,102.8757,1191.0,211800.0,98.4,0
2019-04-01,3.7,0.18761904761904763,2.42,255.233,102.274,1272.0,209750.0,97.2,0
2019-05-01,3.6,0.18863636363636366,2.39,255.296,102.392,1293.0,218500.0,100.0,0
2019-06-01,3.6,0.26,2.38,255.213,102.4375,1243.0,225200.0,98.2,0
2019-07-01,3.7,0.2240909090909091,2.4,255.802,101.9408,1240.0,208500.0,98.4,0
2019-08-01,3.6,0.055,2.13,256.036,102.639,1375.0,211000.0,89.8,0
2019-09-01,3.5,0.051500000000000004,2.04,256.43,102.2917,1311.0,209500.0,93.2,0
2019-10-01,3.6,0.15545454545454546,1.83,257.155,101.4281,1325.0,212250.0,95.5,0
2019-11-01,3.6,0.19947368421052633,1.55,257.879,101.9372,1353.0,224400.0,96.8,0
2019-12-01,3.6,0.24952380952380954,1.55,258.63,101.7003,1548.0,236000.0,99.3,0
2020-01-01,3.6,0.23857142857142857,1.55,259.127,101.0338,1581.0,215500.0,99.8,0
2020-02-01,3.5,0.1731578947368421,1.58,259.25,101.3735,1549.0,210200.0,101.0,0
2020-03-01,4.4,0.42181818181818187,0.65,258.076,97.4078,1266.0,2335250.0,89.1,1
2020-04-01,14.8,0.43285714285714283,0.05,256.032,84.5619,936.0,4663250.0,71.8,1
2020-05-01,13.2,0.5035000000000001,0.05,255.802,85.9604,1039.0,2173400.0,72.3,0
2020-06-01,11.0,0.5436363636363637,0.08,257.042,91.5934,1266.0,1490250.0,78.1,0
2020-07-01,10.2,0.4754545454545455,0.09,258.352,95.0256,1526.0,1383500.0,72.5,0
2020-08-01,8.4,0.5104761904761905,0.1,259.316,95.9549,1396.0,922400.0,74.1,0
2020-09-01,7.8,0.5447619047619048,0.09,259.997,95.9669,1473.0,851750.0,80.4,0
2020-10-01,6.9,0.6376190476190476,0.09,260.319,96.7394,1543.0,795400.0,81.8,0
2020-11-01,6.7,0.7042105263157895,0.09,260.911,97.0816,1543.0,751250.0,76.9,0
2020-12-01,6.7,0.7977272727272727,0.09,262.045,98.363,1614.0,836750.0,80.7,0
2021-01-01,6.4,0.9500000000000001,0.09,262.687,98.8822,1624.0,827800.0,79.0,0
2021-02-01,6.2,1.1426315789473684,0.08,263.579,95.6149,1398.0,755000.0,76.8,0
2021-03-01,6.1,1.463913043478261,0.07,264.961,98.3856,1688.0,669250.0,84.9,0
2021-04-01,6.1,1.471818181818182,0.07,266.614,98.5587,1489.0,589000.0,88.3,0
2021-05-01,5.8,1.466,0.06,268.383,99.4333,1600.0,469200.0,82.9,0
2021-06-01,5.9,1.3163636363636364,0.08,270.654,99.7987,1664.0,409500.0,85.5,0
2021-07-01,5.4,1.099047619047619,0.1,271.903,100.2519,1600.0,370000.0,81.2,0
2021-08-01,5.1,1.0659090909090911,0.09,272.676,100.0437,1596.0,359750.0,70.3,0
2021-09-01,4.7,1.1338095238095238,0.08,273.91,98.8579,1576.0,354750.0,72.8,0
2021-10-01,4.5,1.19,0.08,276.55,100.1861,1587.0,284400.0,71.7,0
2021-11-01,4.1,1.0515,0.08,278.919,100.8654,1707.0,236500.0,67.4,0
2021-12-01,3.9,0.785,0.08,280.845,100.5726,1711.0,216250.0,70.6,0
2022-01-01,4.0,0.7835,0.08,282.543,100.1856,1693.0,239200.0,67.2,0
2022-02-01,3.9,0.49894736842105264,0.08,284.5,100.8064,1730.0,219000.0,62.8,0
2022-03-01,3.7,0.21826086956521737,0.2,287.674,101.3907,1700.0,215000.0,59.4,0
2022-04-01,3.7,0.20950000000000002,0.33,288.561,101.44,1807.0,213000.0,65.2,0
2022-05-01,3.6,0.2814285714285714,0.77,291.298,101.3335,1546.0,209750.0,58.4,0
2022-06-01,3.6,0.14523809523809525,1.21,294.957,101.018,1556.0,212500.0,50.0,0
2022-07-01,3.5,-0.13999999999999999,1.68,294.913,101.223,1382.0,218200.0,51.5,0
2022-08-01,3.6,-0.3521739130434782,2.33,295.097,101.0963,1532.0,216500.0,58.2,0
2022-09-01,3.5,-0.3376190476190476,2.56,296.349,101.2918,1481.0,197500.0,58.6,0
2022-10-01,3.6,-0.3915,3.08,298.007,101.2529,1446.0,202600.0,59.9,0
2022-11-01,3.6,-0.6125,3.78,298.786,100.9552,1434.0,210750.0,56.7,0
2022-12-01,3.5,-0.6723809523809524,4.1,298.832,99.7664,1296.0,208200.0,59.8,0
2023-01-01,3.5,-0.6759999999999999,4.33,300.42,100.505,1358.0,204500.0,64.9,0
2023-02-01,3.6,-0.7868421052631579,4.57,301.45,100.6416,1395.0,214750.0,66.9,0
2023-03-01,3.5,-0.6395652173913043,4.65,301.821,101.0205,1366.0,229000.0,62.0,0
2023-04-01,3.4,-0.5559999999999999,4.83,302.845,101.253,1343.0,216400.0,63.7,0
2023-05-01,3.6,-0.5581818181818181,5.06,303.334,100.9286,1609.0,226000.0,59.0,0
2023-06-01,3.6,-0.8914285714285713,5.08,304.014,100.1196,1420.0,250750.0,64.2,0
2023-07-01,3.5,-0.9289999999999999,5.12,304.609,100.9067,1464.0,235200.0,71.5,0
2023-08-01,3.7,-0.7339130434782608,5.33,306.082,100.8393,1321.0,245000.0,69.4,0
2023-09-01,3.7,-0.643,5.33,307.276,101.0211,1369.0,218600.0,67.8,0
2023-10-01,3.9,-0.26952380952380955,5.33,307.696,100.4689,1380.0,210250.0,63.8,0
2023-11-01,3.7,-0.3795238095238095,5.33,308.148,100.8639,1522.0,218000.0,61.3,0
2023-12-01,3.8,-0.437,5.33,308.741,100.6031,1504.0,207800.0,69.7,0
2024-01-01,3.7,-0.2647619047619048,5.33,309.698,99.2223,1378.0,211500.0,79.0,0
2024-02-01,3.9,-0.3365,5.33,310.967,100.285,1555.0,210000.0,76.9,0
2024-03-01,3.9,-0.3795,5.33,312.345,100.4575,1297.0,215200.0,79.4,0
2024-04-01,3.9,-0.33409090909090905,5.33,313.023,100.2434,1379.0,210250.0,77.2,0
2024-05-01,3.9,-0.3740909090909091,5.33,313.175,100.863,1329.0,222000.0,69.1,0
2024-06-01,4.1,-0.431578947368421,5.33,313.044,100.894,1318.0,234800.0,68.2,0
2024-07-01,4.2,-0.24727272727272728,5.33,313.569,99.9757,1269.0,237250.0,66.4,0
2024-08-01,4.2,-0.09454545454545454,5.33,314.062,100.4309,1394.0,230600.0,67.9,0
2024-09-01,4.1,0.101,5.13,314.732,99.8084,1357.0,224500.0,70.1,0
2024-10-01,4.1,0.12318181818181818,4.83,315.631,99.4695,1370.0,236250.0,70.5,0
2024-11-01,4.2,0.09842105263157895,4.64,316.528,99.2925,1300.0,219200.0,71.8,0
2024-12-01,4.1,0.1657142857142857,4.48,317.604,100.3273,1494.0,222750.0,74.0,0
2025-01-01,4.0,0.35714285714285715,4.33,318.961,100.0647,1353.0,215000.0,71.7,0
2025-02-01,4.2,0.24105263157894738,4.33,319.679,101.0993,1491.0,225000.0,64.7,0
2025-03-01,4.2,0.31047619047619046,4.33,319.785,101.0404,1346.0,223000.0,57.0,0
2025-04-01,4.2,0.5014285714285714,4.33,320.302,101.1279,1400.0,225750.0,52.2,0
2025-05-01,4.3,0.5038095238095238,4.33,320.62,100.9655,1289.0,231800.0,52.2,0
2025-06-01,4.1,0.49450000000000005,4.33,321.435,101.4785,1379.0,239000.0,60.7,0
2025-07-01,4.3,0.5095454545454546,4.33,322.169,101.894,1432.0,221500.0,61.7,0
2025-08-01,4.3,0.5609523809523809,4.33,323.291,101.6247,1291.0,229600.0,58.2,0
2025-09-01,4.4,0.5519047619047619,4.22,324.245,101.668,1319.0,234000.0,55.1,0
2025-10-01,4.45,0.5404545454545455,4.09,324.654,101.2195,1273.0,226750.0,53.6,0
2025-11-01,4.5,0.543888888888889,3.88,325.063,101.0344,1319.0,222400.0,51.0,0
2025-12-01,4.4,0.6422727272727273,3.72,326.031,101.4941,1378.0,219250.0,52.9,0
2026-01-01,4.3,0.6765,3.64,326.588,101.0388,1385.0,211800.0,56.4,0
2026-02-01,4.4,0.6542105263157895,3.64,327.46,101.9263,1346.0,215750.0,56.6,0
2026-03-01,4.3,0.5313636363636364,3.64,330.293,101.6172,1522.0,208000.0,53.3,0
2026-04-01,4.3,0.52,3.64,332.407,102.4196,1414.0,207750.0,49.8,0
2026-05-01,4.3,0.489,3.63,333.979,102.5606,1199.0,211600.0,44.8,0
2026-06-01,4.2,0.3576190476190476,3.63,332.568,102.6395,1427.0,222500.0,49.5,0
