date,unemployment,yield_curve,fed_funds_rate,inflation_yoy,industrial_growth_yoy,housing_growth_yoy,unemployment_change_3m,claims_change_3m,consumer_sentiment,recession_next_6m
1991-01-01,6.4,0.9676190476190476,6.91,5.647058823529405,-0.961460577686335,-48.54932301740812,0.5,3.4097589653145244,66.8,1.0
1991-02-01,6.6,0.9878947368421052,6.25,5.312500000000009,-2.577958439290029,-32.84620737647877,0.39999999999999947,8.337996642417455,70.4,1.0
1991-03-01,6.8,1.007,6.12,4.821150855365497,-3.61869587651098,-28.549262994569435,0.5,9.58241758241758,87.7,0.0
1991-04-01,6.7,1.0909090909090908,5.91,4.809930178432875,-3.1105501802648705,-19.791666666666664,0.2999999999999998,6.253553155201819,81.8,0.0
1991-05-01,6.9,1.2840909090909092,5.78,5.034856700232382,-2.494978108064083,-17.821782178217827,0.3000000000000007,-7.644628099173556,78.3,0.0
1991-06-01,6.9,1.328,5.9,4.695919938414161,-2.037136646180182,-11.979609175870854,0.10000000000000053,-14.039310068190936,82.1,0.0
1991-07-01,6.8,1.355,5.82,4.367816091954024,-1.5908264836979713,-9.222886421861654,0.09999999999999964,-10.486891385767795,82.9,0.0
1991-08-01,6.9,1.466818181818182,5.66,3.7993920972644313,-1.934469200524247,-5.919282511210766,0.0,-3.4451901565995535,82.0,0.0
1991-09-01,6.9,1.4685,5.45,3.396226415094339,-1.1640559598299127,-8.558558558558559,0.0,-0.9566028931404569,83.0,0.0
1991-10-01,7.0,1.615,5.21,2.8485757121439192,-0.6375380485583504,6.41025641025641,0.20000000000000018,1.075911536162577,78.3,0.0
1991-11-01,7.0,1.858421052631579,4.81,3.0665669409125185,0.4829362003084814,-3.6681222707423577,0.09999999999999964,3.197405004633924,69.1,0.0
1991-12-01,7.3,2.0628571428571427,4.43,2.980625931445613,0.7336733229858172,11.351909184726527,0.39999999999999947,7.597173144876335,68.2,0.0
1992-01-01,7.3,2.0742857142857143,4.03,2.672605790645899,0.5334053046102349,47.36842105263157,0.2999999999999998,3.8438793613246647,67.5,0.0
1992-02-01,7.4,2.1257894736842107,4.06,2.8189910979228294,1.996743776757559,29.53367875647668,0.40000000000000036,-0.7184553210597189,68.8,0.0
1992-03-01,7.4,1.8572727272727272,3.98,3.189910979228472,3.4616952793256273,40.82519001085776,0.10000000000000053,-5.966064586754238,76.0,0.0
1992-04-01,7.4,2.136190476190476,3.73,3.1828275351591495,3.972638518327498,9.790209790209792,0.10000000000000053,-4.726651480637811,77.2,0.0
1992-05-01,7.6,2.1665,3.82,3.0235988200590036,3.341941886534139,21.88755020080322,0.1999999999999993,-5.608322026232471,79.2,0.0
1992-06-01,7.8,2.213636363636364,3.76,3.0147058823529305,2.563756841098086,10.521235521235518,0.39999999999999947,-2.502910360884747,80.4,0.0
1992-07-01,7.7,2.489090909090909,3.25,3.1571218795888534,3.218992232364881,7.149576669802449,0.2999999999999998,5.857740585774063,76.6,0.0
1992-08-01,7.6,2.392857142857143,3.3,3.0746705710102518,2.6429698460063156,16.873212583412766,0.0,-2.4436990896023025,76.1,0.0
1992-09-01,7.6,2.520952380952381,3.22,2.9927007299270114,2.1710235537090616,16.847290640394096,-0.20000000000000018,-0.4179104477611939,75.6,0.0
1992-10-01,7.3,2.5061904761904765,3.1,3.279883381924198,2.917078740220802,15.291936978683962,-0.40000000000000036,-14.669678147939013,73.3,0.0
1992-11-01,7.4,2.293684210526316,3.09,3.1204644412191396,3.4710914183461616,10.063463281958285,-0.1999999999999993,-11.038801571709234,85.3,0.0
1992-12-01,7.4,2.096363636363636,2.92,2.966714905933454,4.152288897664813,13.716404077849864,-0.1999999999999993,-18.705035971223015,91.0,0.0
1993-01-01,7.3,2.21,3.02,3.2537960954446943,5.1026982701394274,2.8911564625850428,0.0,-8.52302805717311,89.3,0.0
1993-02-01,7.1,2.1605263157894736,3.03,3.2467532467532534,4.8685284067500945,-3.200000000000003,-0.3000000000000007,-6.62525879917184,86.6,0.0
1993-03-01,7.0,2.0256521739130435,3.07,3.0194104960460155,3.8911814838072933,-16.499614494988435,-0.40000000000000036,3.539823008849563,85.9,0.0
1993-04-01,7.1,2.131904761904762,2.96,3.1563845050215145,3.3914177146763924,14.46769790718836,-0.20000000000000018,2.647569444444442,85.6,0.0
1993-05-01,7.1,2.0585,3.0,3.2211882605583497,2.6622718052738525,3.789126853377267,0.0,1.5816703621581718,80.3,0.0
1993-06-01,7.0,1.799090909090909,3.04,2.9978586723768963,2.8411547715022856,11.79039301310043,0.0,-2.350427350427353,81.5,0.0
1993-07-01,6.9,1.7333333333333332,3.06,2.8469750889679624,2.1777342523886745,10.096575943810372,-0.1999999999999993,-1.1134601832276214,77.0,0.0
1993-08-01,6.8,1.6763636363636365,3.03,2.840909090909083,2.628418293185275,6.035889070146827,-0.2999999999999998,-0.7566938300349269,77.3,0.0
1993-09-01,6.7,1.512857142857143,3.09,2.7639971651311157,2.833713227717971,13.237774030354132,-0.2999999999999998,-1.094091903719907,77.9,0.0
1993-10-01,6.8,1.4594999999999998,2.99,2.752293577981657,2.892835100274227,11.897106109324751,-0.10000000000000053,-0.2850627137970352,82.7,0.0
1993-11-01,6.6,1.5685,3.02,2.7445460942997935,2.972500941748568,13.344316309719929,-0.20000000000000018,0.0,81.2,0.0
1993-12-01,6.5,1.5618181818181818,2.96,2.8109627547435068,3.407732938414032,24.938875305623466,-0.20000000000000018,-4.71976401179941,88.2,0.0
1994-01-01,6.6,1.6105,3.05,2.450980392156854,3.3086266095749384,5.123966942148761,-0.20000000000000018,2.687249857061169,94.3,0.0
1994-02-01,6.6,1.4989473684210526,3.25,2.515723270440251,2.8734118125557373,10.495867768595035,0.0,2.1994134897360684,93.2,0.0
1994-03-01,6.5,1.4873913043478262,3.34,2.6517794836008246,4.013742016462052,44.41366574330563,0.0,3.9473684210526327,91.5,0.0
1994-04-01,6.4,1.4226315789473685,3.56,2.364394993045882,4.342604424720231,16.454689984101755,-0.1999999999999993,-4.231625835189313,92.6,0.0
1994-05-01,6.1,1.2152380952380952,4.01,2.288488210818307,5.220887873549018,21.111111111111104,-0.5,3.012912482065988,92.8,0.0
1994-06-01,6.1,1.17,4.25,2.494802494802495,5.692891278467149,10.078125000000004,-0.40000000000000036,1.2658227848101333,91.2,0.0
1994-07-01,6.1,1.168,4.26,2.69896193771626,5.548865528406344,14.752791068580539,-0.3000000000000007,-0.5232558139534937,89.0,0.0
1994-08-01,6.0,1.058695652173913,4.47,2.900552486187835,6.384761951629092,11.538461538461542,-0.09999999999999964,-6.33704735376045,91.7,0.0
1994-09-01,5.9,1.0647619047619048,4.73,2.965517241379323,6.156180732641192,9.75428145941921,-0.1999999999999993,-2.8676470588235303,91.5,0.0
1994-10-01,5.8,1.0154999999999998,4.76,2.609890109890123,6.231501771426062,4.166666666666674,-0.2999999999999998,-2.571595558153128,92.7,0.0
1994-11-01,5.6,0.8065,5.29,2.602739726027403,6.4711768991924545,9.811046511627897,-0.40000000000000036,-2.4535315985130146,91.6,0.0
1994-12-01,5.5,0.2242857142857142,5.45,2.597402597402576,6.925835091579047,-5.088062622309197,-0.40000000000000036,-2.1347464042392073,95.1,0.0
1995-01-01,5.6,0.2725,5.53,2.8708133971291794,6.800469318244806,10.61320754716981,-0.20000000000000018,0.029994001199762366,97.6,0.0
1995-02-01,5.4,0.3578947368421052,5.92,2.862985685071595,6.617845269116707,-1.5706806282722474,-0.1999999999999993,2.9725609756097615,95.1,0.0
1995-03-01,5.4,0.4291304347826086,5.98,2.7872195785180187,5.7165348260771465,-20.140664961636833,-0.09999999999999964,5.275371287128716,90.3,0.0
1995-04-01,5.8,0.4947368421052632,6.05,3.125000000000022,4.913630863868201,-13.515358361774743,0.20000000000000018,5.007496251874066,92.5,0.0
1995-05-01,5.6,0.4618181818181818,6.01,3.1186440677966054,4.945992374531105,-13.892529488859761,0.1999999999999993,9.622501850481125,89.8,0.0
1995-06-01,5.6,0.4522727272727272,6.0,3.0425963488843744,4.587732144288292,-9.08445706174592,0.1999999999999993,7.641440117560627,92.7,0.0
1995-07-01,5.7,0.4979999999999999,5.85,2.8301886792452713,4.012060921624383,1.5288394718554477,-0.09999999999999964,6.053683609366067,94.4,0.0
1995-08-01,5.7,0.5073913043478261,5.74,2.6174496644295386,4.689029105863818,-2.344827586206899,0.10000000000000053,-3.781228899392297,96.2,0.0
1995-09-01,5.6,0.3915,5.8,2.54521098459477,4.7816808149161005,-7.1234735413839845,0.0,-1.1604095563139905,88.9,0.0
1995-10-01,5.5,0.3476190476190476,5.76,2.7443105756358666,3.7627368685886786,-5.586206896551726,-0.20000000000000018,0.02692514808830815,90.2,0.0
1995-11-01,5.6,0.4514285714285714,5.8,2.603471295060067,3.3298500978240275,-3.9046988749172784,-0.10000000000000053,5.824561403508777,88.2,0.0
1995-12-01,5.6,0.387,5.6,2.5316455696202667,2.6396897921781903,-1.6494845360824795,0.0,0.8287292817679592,91.0,0.0
1996-01-01,5.6,0.54,5.56,2.7906976744185963,1.8788215519394358,4.264392324093813,0.09999999999999964,0.6729475100942128,89.3,0.0
1996-02-01,5.5,0.78,5.22,2.717031146454607,3.4865787366735512,13.297872340425542,-0.09999999999999964,0.06631299734747298,88.5,0.0
1996-03-01,5.5,0.6076190476190476,5.31,2.8439153439153486,3.188414739319012,14.011208967173738,-0.09999999999999964,5.863013698630137,93.7,0.0
1996-04-01,5.6,0.5540909090909091,5.22,2.832674571805005,4.395391371041835,19.65272296764009,0.0,-3.9438502673796783,92.7,0.0
1996-05-01,5.6,0.6418181818181817,5.24,2.827087442472065,4.661591494286932,14.459665144596645,0.09999999999999964,-8.681245858184228,89.4,0.0
1996-06-01,5.3,0.615,5.27,2.8215223097112663,5.110978907668273,14.519906323185005,-0.20000000000000018,-11.438923395445133,92.4,0.0
1996-07-01,5.5,0.5954545454545455,5.4,2.8833551769331667,5.568536043472649,0.7529089664613187,-0.09999999999999964,-6.193458594293666,94.7,0.0
1996-08-01,5.1,0.6063636363636363,5.22,2.8122956180510084,4.720645436557502,9.957627118644075,-0.5,-3.6865021770682183,95.3,0.0
1996-09-01,5.2,0.598,5.3,3.0045721750489918,4.952801645891314,7.74287801314828,-0.09999999999999964,0.16072472238457536,94.7,0.0
1996-10-01,5.2,0.620909090909091,5.24,3.0618892508143203,5.168722601692299,1.6800584368152016,-0.2999999999999998,0.5934718100890191,96.5,0.0
1996-11-01,5.4,0.5021052631578947,5.31,3.2530904359141077,5.855898562613082,2.5482093663911742,0.3000000000000007,1.3863773357444265,99.2,0.0
1996-12-01,5.4,0.5204761904761904,5.29,3.378817413905133,6.165643121709419,-4.262753319357094,0.20000000000000018,3.1363967906637535,96.9,0.0
1997-01-01,5.3,0.570952380952381,5.25,3.0381383322559907,6.946049233947327,-7.634628493524199,0.09999999999999964,0.0,97.4,0.0
1997-02-01,5.2,0.5210526315789474,5.19,3.0322580645161246,6.661807501031536,-0.3353454057679395,-0.20000000000000018,-4.65219976218787,99.7,0.0
1997-03-01,5.2,0.4725,5.39,2.7652733118971096,7.470272474009643,2.31741573033708,-0.20000000000000018,-9.646393210749649,100.0,0.0
1997-04-01,5.1,0.4372727272727272,5.51,2.434336963484962,6.536171976339267,-1.58311345646438,-0.20000000000000018,-3.539823008849563,101.4,0.0
1997-05-01,4.9,0.4342857142857143,5.5,2.237851662404089,6.331688761977006,-4.122340425531911,-0.2999999999999998,0.9508963367108381,103.2,0.0
1997-06-01,5.0,0.3990476190476191,5.56,2.233567326100827,6.012329789391524,1.8404907975460016,-0.20000000000000018,1.909830932999368,104.5,0.0
1997-07-01,4.9,0.3295454545454545,5.52,2.165605095541401,6.901473595485519,-2.377717391304346,-0.1999999999999993,-2.064220183486243,107.1,0.0
1997-08-01,4.8,0.3595238095238095,5.54,2.2900763358778775,7.421174007233544,-10.725754656390496,-0.10000000000000053,1.9765287214329907,104.4,0.0
1997-09-01,4.9,0.3266666666666666,5.54,2.21940393151554,7.7307713474798145,4.813559322033889,-0.09999999999999964,-3.149001536098306,106.0,0.0
1997-10-01,4.7,0.2577272727272727,5.5,2.0859671302149163,8.653836077256006,9.195402298850585,-0.20000000000000018,-3.2006245120999255,105.6,0.0
1997-11-01,4.6,0.1622222222222222,5.52,1.8903591682419618,8.512624010737335,1.410342511752849,-0.20000000000000018,-4.7244094488189,107.2,0.0
1997-12-01,4.7,0.0936363636363636,5.5,1.6970458830924073,8.280957988374027,14.30656934306569,-0.20000000000000018,-0.6344171292624878,102.1,0.0
1998-01-01,4.6,0.1875,5.56,1.6311166875784044,8.58347433946034,12.54612546125462,-0.10000000000000053,3.612903225806452,106.6,0.0
1998-02-01,4.6,0.1568421052631579,5.51,1.440200375704448,7.476143150007708,6.594885598923295,0.0,1.3986013986013957,110.4,0.0
1998-03-01,4.7,0.0859090909090909,5.49,1.3767209011263937,6.835942439493192,7.549759780370624,0.0,0.5586592178770999,106.5,0.0
1998-04-01,4.3,0.0733333333333333,5.45,1.4383989993745905,7.077008185695677,3.217158176943702,-0.2999999999999998,-3.175591531755917,108.7,0.0
1998-05-01,4.4,0.059,5.49,1.6885553470919357,7.188999827918208,6.518723994452147,-0.1999999999999993,-2.445141065830725,106.5,0.0
1998-06-01,4.5,-0.0236363636363636,5.56,1.6229712858926382,6.058575229559682,9.839357429718865,-0.20000000000000018,7.301587301587298,105.6,0.0
1998-07-01,4.5,0.0031818181818181,5.54,1.74563591022443,4.755871384932742,18.16283924843425,0.20000000000000018,7.0739549839228255,105.2,0.0
1998-08-01,4.5,0.0733333333333333,5.55,1.6169154228855787,5.865515150473688,16.115107913669057,0.09999999999999964,0.44987146529562594,104.4,0.0
1998-09-01,4.6,0.1404761904761904,5.51,1.4267990074441794,4.848836473856544,2.3285899094437346,0.09999999999999964,-10.059171597633132,100.9,0.0
1998-10-01,4.5,0.438095238095238,5.07,1.4860681114551078,4.637794383238925,12.828947368421062,0.0,-6.726726726726728,97.4,0.0
1998-11-01,4.4,0.2873684210526315,4.83,1.4842300556586308,3.741486019967022,9.933774834437092,-0.09999999999999964,1.0876519513755678,102.7,0.0
1998-12-01,4.4,0.1386363636363636,4.68,1.606922126081578,3.7695732652959,14.431673052362704,-0.1999999999999993,3.9473684210526327,100.5,0.0
1999-01-01,4.3,0.1068421052631579,4.63,1.6666666666666607,3.763083805136991,14.62295081967213,-0.20000000000000018,5.022537025112683,103.9,0.0
1999-02-01,4.4,0.1226315789473684,4.76,1.6666666666666607,4.225398806274816,5.429292929292928,0.0,-4.588607594936711,108.1,0.0
1999-03-01,4.2,0.1795652173913043,4.81,1.7283950617283939,4.425125461604007,9.125717932354815,-0.20000000000000018,-4.193037974683545,105.7,0.0
1999-04-01,4.3,0.2077272727272727,4.74,2.281134401972884,4.307254602909483,0.8441558441558472,0.0,-5.426118945432245,104.6,0.0
1999-05-01,4.2,0.285,4.74,2.091020910209096,4.27940147673862,4.8828125,-0.20000000000000018,0.03316749585406953,106.8,0.0
1999-06-01,4.3,0.2809090909090909,4.76,1.9656019656019597,4.826418688874012,-4.99695307739183,0.09999999999999964,-2.8901734104046284,107.3,0.0
1999-07-01,4.3,0.2371428571428571,4.99,2.1446078431372584,5.839978413843561,-1.7078916372202602,0.0,-3.4035656401944947,106.0,0.0
1999-08-01,4.2,0.2609090909090909,5.07,2.2643818849449104,4.109544569149426,2.106567534076831,0.0,-3.597480106100792,104.5,0.0
1999-09-01,4.2,0.2533333333333333,5.22,2.629969418960254,3.7444563415508503,3.3501896333754777,-0.09999999999999964,-1.5306122448979553,107.2,0.0
1999-10-01,4.1,0.2495,5.2,2.56253813300793,4.29950432876991,-6.239067055393588,-0.20000000000000018,-2.550335570469797,103.2,0.0
1999-11-01,4.1,0.172,5.42,2.6203534430225606,4.884601547870515,-0.7228915662650603,-0.10000000000000053,-3.095442820292349,107.2,0.0
1999-12-01,4.0,0.1709090909090909,5.3,2.676399026763998,5.216917187508963,-4.6875,-0.20000000000000018,-3.799654576856648,105.4,0.0
2000-01-01,4.0,0.221,5.45,2.792956891317555,4.620955049951481,-6.407322654462244,-0.09999999999999964,-0.688705234159781,112.0,0.0
2000-02-01,4.1,-0.091,5.73,3.2179720704310855,4.313335681097841,4.011976047904198,0.0,4.259094942324748,111.3,0.0
2000-03-01,4.0,-0.2717391304347826,5.85,3.762135922330101,4.447293166354416,-6.1988304093567255,0.0,-1.3464991023339312,107.1,0.0
2000-04-01,3.8,-0.4131578947368421,6.02,3.013863773357439,4.828026846244748,4.70057952350289,-0.20000000000000018,-5.825242718446599,109.2,0.0
2000-05-01,4.0,-0.3690909090909091,6.27,3.1325301204819134,4.451469064576807,-2.2346368715083775,-0.09999999999999964,-3.9148936170212756,110.7,0.0
2000-06-01,4.0,-0.3845454545454546,6.53,3.7349397590361377,4.574285752844154,0.0,0.0,5.9144676979071775,106.4,0.0
2000-07-01,4.0,-0.285,6.54,3.5992801439711952,3.7698485910728996,-12.342720191731571,0.20000000000000018,8.615611192930771,108.3,0.0
2000-08-01,4.1,-0.4026086956521739,6.5,3.3512866546977715,3.0734226950164922,-6.492718446601941,0.09999999999999964,10.806023029229417,107.3,0.0
2000-09-01,3.9,-0.2825,6.52,3.45649582836709,3.968806853188922,-7.828746177370027,-0.10000000000000009,3.16151202749142,106.8,0.0
2000-10-01,3.9,-0.1738095238095238,6.51,3.4503271861986873,2.3142184859096693,-3.66915422885572,-0.10000000000000009,2.033898305084736,105.8,1.0
2000-11-01,3.9,-0.1580952380952381,6.51,3.444180522565321,1.8491278756576968,-5.885922330097082,-0.19999999999999973,6.87450039968025,107.6,1.0
2000-12-01,3.9,-0.1115,6.4,3.4360189573459543,0.7397718173229428,-10.304449648711945,0.0,15.256495669553626,98.4,1.0
2001-01-01,4.2,0.4009523809523809,5.98,3.7212049616065945,0.3976490637767949,-2.200488997555017,0.30000000000000027,12.956810631229242,94.7,1.0
2001-02-01,4.2,0.4421052631578948,5.49,3.529411764705892,-0.5668458865284554,-6.4478986758779495,0.30000000000000027,11.069558713537763,90.6,1.0
2001-03-01,4.3,0.5431818181818181,5.31,2.9824561403508643,-1.122295725249156,-0.872817955112215,0.3999999999999999,11.907514450867062,91.5,1.0
2001-04-01,4.4,0.907,4.8,3.2182562902282053,-2.0602186217959284,1.4145141451414434,0.20000000000000018,16.691176470588243,88.4,1.0
2001-05-01,4.3,1.1313636363636363,4.21,3.5630841121495394,-2.791181055600911,1.904761904761898,0.09999999999999964,6.2626262626262585,92.0,1.0
2001-06-01,4.5,1.2042857142857142,3.97,3.193960511033689,-3.3422163718917375,4.939063502245022,0.20000000000000018,2.5826446280991844,92.6,1.0
2001-07-01,4.6,1.1976190476190476,3.77,2.7214823393167498,-3.773511714911293,14.149008885851,0.1999999999999993,0.3150598613736566,92.4,1.0
2001-08-01,4.9,1.2139130434782608,3.65,2.7214823393167498,-3.6215277665228585,1.6872160934458202,0.6000000000000005,0.8871989860582907,91.5,1.0
2001-09-01,5.0,1.6129411764705883,3.07,2.5921658986175045,-4.55015745457048,3.649635036496357,0.5,9.5166163141994,81.8,1.0
2001-10-01,5.3,1.8409090909090908,2.49,2.127659574468077,-4.440502321905382,-0.5810200129115595,0.7000000000000002,20.79145728643217,82.7,1.0
2001-11-01,5.5,1.869,2.09,1.894374282433997,-5.044913960783126,3.2882011605415817,0.5999999999999996,12.437185929648242,83.9,0.0
2001-12-01,5.7,1.9805,1.82,1.603665521191311,-4.774776238202749,2.3498694516971286,0.7000000000000002,-4.183908045977014,88.8,0.0
2002-01-01,5.7,2.0076190476190474,1.73,1.1958997722095743,-3.682618441383212,6.125000000000003,0.40000000000000036,-15.028601144045762,93.0,0.0
2002-02-01,5.7,1.896315789473684,1.74,1.1363636363636465,-3.0399744149724905,12.553846153846159,0.20000000000000018,-10.837988826815648,90.7,0.0
2002-03-01,5.7,1.7265,1.73,1.3628620102214661,-2.1374903694403535,3.2704402515723263,0.0,-0.33589251439539725,95.7,0.0
2002-04-01,5.9,1.7881818181818183,1.75,1.643990929705219,-1.3053329089064758,-3.4566403881140073,0.20000000000000018,5.079559363525088,93.0,0.0
2002-05-01,5.8,1.9004545454545456,1.75,1.2408347433727984,-0.43328851038398897,9.906542056074773,0.09999999999999964,2.506265664160412,96.9,0.0
2002-06-01,5.8,1.9335,1.75,1.0692177827799743,0.920910919642548,4.951100244498785,0.09999999999999964,-6.788637457871927,92.4,0.0
2002-07-01,5.8,2.096363636363636,1.73,1.465614430665152,1.5386975548359105,-0.8982035928143728,-0.10000000000000053,-10.07571345369831,88.1,0.0
2002-08-01,5.7,2.1236363636363635,1.74,1.747463359639223,1.5424836015125454,4.211869814933,-0.09999999999999964,-3.765281173594137,87.6,0.0
2002-09-01,5.7,1.8655,1.75,1.516002245929271,2.146064440525741,15.492957746478876,-0.09999999999999964,5.759297520661155,86.1,0.0
2002-10-01,5.7,2.0290909090909093,1.75,2.0270270270270174,2.2135422551443185,7.012987012987004,-0.09999999999999964,5.569948186528495,80.6,0.0
2002-11-01,5.9,2.125263157894737,1.34,2.2535211267605604,3.4115039217915255,9.425717852684134,0.20000000000000018,-0.35569105691056757,84.2,0.0
2002-12-01,6.0,2.1961904761904765,1.24,2.4802705749718212,2.880394484854265,14.030612244897966,0.2999999999999998,1.1599511599511558,86.7,0.0
2003-01-01,5.8,2.305238095238095,1.24,2.757456387169399,3.071140654513904,9.1283863368669,0.09999999999999964,-3.0674846625766916,82.4,0.0
2003-02-01,5.9,2.274736842105263,1.26,3.146067415730336,3.1817124112425654,-10.934937124111531,0.0,4.793472718001013,79.9,0.0
2003-03-01,5.9,2.2333333333333334,1.25,3.025210084033625,2.1709435832793167,5.115712545675999,-0.09999999999999964,3.1744115872057943,77.6,0.0
2003-04-01,6.0,2.336190476190476,1.26,2.175125488008911,1.0688138922369639,3.203517587939708,0.20000000000000018,10.443037974683534,86.0,0.0
2003-05-01,6.1,2.1538095238095236,1.26,1.8941504178273005,0.636921435240767,-0.7369614512471645,0.1999999999999993,3.1630170316301776,92.1,0.0
2003-06-01,6.3,2.107142857142857,1.22,1.948775055679297,-0.05887145406980876,8.736167734420498,0.39999999999999947,-1.3219466541881109,89.7,0.0
2003-07-01,6.2,2.5013636363636365,1.01,2.055555555555544,0.48700385655000566,14.622356495468281,0.20000000000000018,-5.673352435530088,90.9,0.0
2003-08-01,6.1,2.580952380952381,1.03,2.216066481994461,0.37923869625795525,12.247397428046547,0.0,-5.613207547169807,89.3,0.0
2003-09-01,6.1,2.568095238095238,1.01,2.378318584070782,0.9407289987876988,7.483370288248348,-0.20000000000000018,-6.224066390041494,87.7,0.0
2003-10-01,6.0,2.5427272727272725,1.01,2.041942604856528,1.2759729528664998,19.35679611650485,-0.20000000000000018,-7.168894289185901,89.6,0.0
2003-11-01,5.8,2.373333333333333,1.0,1.9283746556473913,1.387033904173962,18.824871648602404,-0.2999999999999998,-9.29535232383808,93.7,0.0
2003-12-01,5.7,2.360454545454546,0.98,2.0352035203520247,1.9841883950955763,15.044742729306492,-0.39999999999999947,-9.418457648546141,92.6,0.0
2004-01-01,5.7,2.3895,1.0,2.026286966046009,1.2763588097255418,3.130059363194815,-0.2999999999999998,-5.70680628272251,103.8,0.0
2004-02-01,5.6,2.3442105263157895,1.01,1.688453159041381,1.7663898756903773,13.321055862492326,-0.20000000000000018,-0.6198347107438051,94.4,0.0
2004-03-01,5.8,2.248695652173913,1.0,1.7400761283306032,1.626375894029275,15.758980301274628,0.09999999999999964,-4.535938590369848,95.8,0.0
2004-04-01,5.6,2.276666666666667,1.0,2.2925764192139875,2.615123170170186,21.911138161898958,-0.10000000000000053,-3.317601332593001,94.2,0.0
2004-05-01,5.6,2.182,1.0,2.8977583378895444,3.38458309862264,13.135351227869796,0.0,-6.8052668052668075,90.2,0.0
2004-06-01,5.6,1.9704761904761905,1.03,3.1676679410158393,2.447031362551799,-2.0889126941617597,-0.20000000000000018,2.0467836257309857,95.6,0.0
2004-07-01,5.5,1.8595238095238096,1.26,2.939575394665228,2.6848554355043186,5.535055350553497,-0.09999999999999964,-1.5075376884422065,96.7,0.0
2004-08-01,5.4,1.7731818181818182,1.43,2.5474254742547275,2.9784524146032165,10.42007637752318,-0.1999999999999993,1.353361094586547,95.9,0.0
2004-09-01,5.4,1.6004761904761904,1.61,2.5391680172879516,2.448803847620762,-1.7534811758638469,-0.1999999999999993,-3.3667621776504286,94.2,0.0
2004-10-01,5.5,1.5125,1.76,3.1909140075716547,3.1957484615569243,5.3380782918149405,0.0,-2.6239067055393583,91.7,0.0
2004-11-01,5.4,1.342,1.93,3.621621621621607,2.763005391785356,-14.450312049927994,0.0,-3.5216434336023505,92.8,0.0
2004-12-01,5.4,1.219090909090909,2.16,3.3423180592991875,3.551152067738861,-0.7292173067574126,0.0,-3.558191252779841,97.1,0.0
2005-01-01,5.3,0.999,2.28,2.8448738593666034,3.7656681883018184,12.192569335426473,-0.20000000000000018,2.8143712574850266,95.5,0.0
2005-02-01,5.4,0.7805263157894737,2.5,3.0530262453133394,3.8921878697906642,19.555796316359686,0.0,-5.17110266159696,94.1,0.0
2005-03-01,5.2,0.770909090909091,2.63,3.2068412613575736,4.168552298887196,-6.706706706706711,-0.20000000000000018,2.0753266717909336,92.6,0.0
2005-04-01,5.2,0.6871428571428572,2.79,3.3617929562433257,4.006456472613795,2.895656515227163,-0.09999999999999964,-5.882352941176472,87.7,0.0
2005-05-01,5.1,0.5004761904761905,3.0,2.869287991498415,3.3534790649275337,2.221100454316005,-0.3000000000000007,4.89174017642342,86.9,0.0
2005-06-01,5.0,0.3577272727272727,3.04,2.541026998411855,4.6347083589064475,13.12910284463895,-0.20000000000000018,-1.882530120481929,96.0,0.0
2005-07-01,5.0,0.3065,3.26,3.067160232681121,3.5298493345260917,2.5974025974025983,-0.20000000000000018,0.3712871287128605,96.5,0.0
2005-08-01,4.9,0.2182608695652174,3.5,3.6469344608879517,3.797594088074363,3.5079051383399174,-0.1999999999999993,-3.4403669724770602,89.1,0.0
2005-09-01,5.0,0.2528571428571429,3.62,4.741833508956805,1.6574450087309733,12.913385826771663,0.0,17.498081350729077,76.9,0.0
2005-10-01,5.0,0.1925,3.78,4.350104821802936,2.0209103457029087,-0.33783783783783994,0.0,8.569667077681874,74.2,0.0
2005-11-01,5.0,0.1185,4.0,3.3385498174230532,2.9120723180627417,20.48260381593714,0.09999999999999964,0.47505938242280443,81.6,0.0
2005-12-01,4.9,0.0628571428571428,4.16,3.3385498174230532,2.6259073757150198,-2.350636630754166,-0.09999999999999964,-17.335075114304377,91.5,0.0
2006-01-01,4.7,0.0204999999999999,4.29,4.018789144050117,2.4194801632455576,6.016791044776126,-0.2999999999999998,-16.02782509937536,91.2,0.0
2006-02-01,4.8,-0.0994736842105263,4.49,3.63825363825363,1.7242361205308532,-3.9873130946986857,-0.20000000000000018,-8.353033884948779,86.7,0.0
2006-03-01,4.7,-0.0099999999999999,4.59,3.4179181771103018,2.091541760329152,5.633047210300424,-0.20000000000000018,-4.630214917825537,88.9,0.0
2006-04-01,4.7,0.101578947368421,4.79,3.613835828600931,2.1816142662632876,-11.644832605531297,0.0,2.654268808114968,87.4,0.0
2006-05-01,4.6,0.1418181818181818,4.94,3.9772727272727293,2.1156664964513183,-4.0987654320987605,-0.20000000000000018,14.445399828030947,79.1,0.0
2006-06-01,4.6,-0.0154545454545454,4.99,4.1817243159525175,1.9803386251444621,-12.862669245647973,-0.10000000000000053,1.2427506213753103,84.9,0.0
2006-07-01,4.7,-0.031,5.24,4.104669061056954,2.251836527383766,-15.433300876338851,0.0,5.006587615283276,84.7,0.0
2006-08-01,4.7,-0.0269565217391304,5.25,3.926568077511483,2.3669704568583194,-21.24105011933174,0.10000000000000053,-5.559729526671675,82.0,0.0
2006-09-01,4.5,-0.05,5.25,2.012072434607637,4.2159275134967755,-20.037192003719195,-0.09999999999999964,3.5024549918166947,85.4,0.0
2006-10-01,4.4,-0.0666666666666666,5.25,1.4063284781516971,2.8481025781383007,-27.79661016949152,-0.2999999999999998,-1.035131744040152,93.6,0.0
2006-11-01,4.5,-0.1452380952380952,5.25,1.9687026754164672,1.6621660136106442,-26.874708896134138,-0.20000000000000018,3.8186157517899666,92.1,0.0
2006-12-01,4.4,-0.109,5.24,2.5239777889954462,2.1707334984272686,-17.301905717151456,-0.09999999999999964,2.4667931688804545,91.7,0.0
2007-01-01,4.6,-0.1166666666666666,5.25,2.075765178123423,1.6646656462990128,-38.01143862736471,0.1999999999999993,0.5546751188589605,96.9,0.0
2007-02-01,4.5,-0.1263157894736842,5.26,2.420260782347028,2.5793632616832207,-30.155733836715438,0.0,-1.072796934865905,91.3,0.0
2007-03-01,4.4,-0.009090909090909,5.26,2.798197295943927,2.5308035115800154,-24.07313357034028,0.0,-4.506172839506172,88.4,0.0
2007-04-01,4.5,0.0276190476190476,5.25,2.5929247633283525,2.9076019270608766,-18.176825919824267,-0.09999999999999964,0.9456264775413725,87.1,0.0
2007-05-01,4.4,-0.02,5.25,2.709885742672613,2.9798485426711263,-27.136972193614827,-0.09999999999999964,-5.731990704879941,88.3,0.0
2007-06-01,4.6,0.1223809523809523,5.25,2.692765113974227,2.7140344521729087,-19.644839067702556,0.1999999999999993,1.8745959922430444,85.3,0.0
2007-07-01,4.7,0.1852380952380952,5.26,2.3178905864958077,2.6434417747193573,-22.04951065054692,0.20000000000000018,-2.1857923497267784,90.4,1.0
2007-08-01,4.6,0.3617391304347826,5.02,1.897448478900876,2.3917510021752353,-19.393939393939398,0.1999999999999993,5.17666392769105,83.4,1.0
2007-09-01,4.7,0.51,4.94,2.8338264299802685,2.7901202497425004,-31.220930232558143,0.10000000000000053,-0.5710659898477188,83.4,1.0
2007-10-01,4.7,0.56,4.76,3.610698365527476,2.6179282370540014,-15.224681421864517,0.0,4.788507581803669,80.9,1.0
2007-11-01,4.7,0.8119999999999999,4.49,4.373267326732666,3.2087670061424323,-23.757961783439484,0.10000000000000053,5.000000000000004,76.1,1.0
2007-12-01,5.0,0.9805,4.24,4.108813392417532,2.2029778334589523,-37.11340206185567,0.2999999999999998,11.104020421186988,75.5,1.0
2008-01-01,5.0,1.268571428571429,3.94,4.294695655165981,2.4141930753466267,-23.066004258339245,0.2999999999999998,3.1987814166031914,78.4,1.0
2008-02-01,4.9,1.7645,2.98,4.142959270611968,1.0602796518591306,-25.472972972972975,0.20000000000000018,3.199404761904767,70.8,1.0
2008-03-01,5.1,1.893,2.61,3.9749035501344343,0.5734255066876637,-32.77591973244147,0.09999999999999964,4.365307294658249,69.5,1.0
2008-04-01,5.0,1.627727272727273,2.28,3.9037609759888126,-0.7427676334748168,-32.013422818791945,0.0,6.125461254612552,62.6,1.0
2008-05-01,5.4,1.4342857142857142,1.98,4.088413823123993,-1.4383086308347726,-31.236749116607776,0.5,5.78226387887526,59.8,1.0
2008-06-01,5.6,1.3257142857142856,2.0,4.935966105947864,-1.724935725071297,-27.762430939226522,0.5,5.46230049532197,56.4,1.0
2008-07-01,5.8,1.4345454545454546,2.01,5.497512078341837,-1.9585471027037116,-31.83161004431314,0.7999999999999998,10.709318497913767,61.2,1.0
2008-08-01,6.1,1.4652380952380952,2.0,5.308017162091239,-3.6832804845724265,-36.54135338345864,0.6999999999999993,18.047982551799336,63.0,1.0
2008-09-01,6.1,1.61,1.81,4.953319875136075,-8.130031129578574,-30.68469991546915,0.5,21.069797782126543,70.3,1.0
2008-10-01,6.5,2.2018181818181817,0.97,3.7310578899565128,-6.954317961916079,-38.52848101265823,0.7000000000000002,19.409547738693476,57.6,1.0
2008-11-01,6.8,2.3138888888888887,0.39,1.0999174706166848,-8.669827230747885,-45.530492898913955,0.7000000000000002,20.046189376443422,55.3,1.0
2008-12-01,7.3,1.5954545454545457,0.16,-0.02222800255385904,-11.276192783181926,-45.998071359691416,1.2000000000000002,21.55172413793103,60.1,1.0
2009-01-01,7.8,1.7105,0.15,-0.11358601902212717,-13.374567704176643,-54.79704797047971,1.2999999999999998,20.357706470278792,61.2,1.0
2009-02-01,8.3,1.894736842105263,0.22,0.008463140671510772,-13.562730377303279,-47.23481414324569,1.5000000000000009,23.893805309734507,56.3,1.0
2009-03-01,8.7,1.8881818181818184,0.18,-0.4464787676623838,-14.656035046526473,-49.75124378109452,1.3999999999999995,16.88829787234043,57.3,1.0
2009-04-01,9.0,2.0,0.15,-0.5763244243767063,-14.81395936696125,-52.81342546890424,1.2000000000000002,9.7465034965035,65.1,1.0
2009-05-01,9.4,2.3635,0.18,-1.015761495855172,-15.160361194166793,-44.50154162384378,1.0999999999999996,-4.968944099378881,68.7,1.0
2009-06-01,9.5,2.5377272727272726,0.21,-1.2291746182109153,-15.282480369076357,-44.07265774378585,0.8000000000000007,-9.252938945771705,70.8,0.0
2009-07-01,9.5,2.5431818181818184,0.16,-1.9587610037622771,-14.018720654921957,-35.644637053087756,0.5,-9.757068896853838,66.0,0.0
2009-08-01,9.6,2.4719047619047623,0.16,-1.4838355663267633,-11.689299172061052,-30.568720379146917,0.1999999999999993,-8.62745098039216,65.7,0.0
2009-09-01,9.8,2.4457142857142857,0.15,-1.377942862886472,-6.805879122929537,-28.65853658536586,0.3000000000000007,-8.483075637275384,73.5,0.0
2009-10-01,10.0,2.4385714285714286,0.12,-0.22396829420033848,-7.474512230012276,-31.27413127413128,0.5,-7.255075022065316,70.6,0.0
2009-11-01,9.9,2.599473684210526,0.12,1.9145871744709275,-5.83001235670767,-9.815950920245397,0.3000000000000007,-11.659513590844062,67.4,0.0
2009-12-01,9.9,2.7154545454545453,0.12,2.8141231232083674,-2.704223119324234,3.750000000000009,0.09999999999999964,-11.324200913242011,72.5,0.0
2010-01-01,9.8,2.8042105263157895,0.11,2.6211113889767157,0.87230439200634,25.306122448979586,-0.1999999999999993,-8.679101636848118,74.4,0.0
2010-02-01,9.8,2.8342105263157897,0.13,2.151336357866529,1.8708182344855606,3.7800687285223455,-0.09999999999999964,-1.67004048582996,73.6,0.0
2010-03-01,9.9,2.7686956521739132,0.16,2.2861714393279886,4.200672107537207,25.940594059405942,0.0,-3.1410916580844495,73.6,0.0
2010-04-01,9.9,2.786363636363636,0.2,2.2067707525304403,5.4282103558062955,43.72384937238494,0.09999999999999964,-2.2509378907878297,72.2,0.0
2010-05-01,9.6,2.5895,0.2,2.003548929218568,7.942609605426321,7.962962962962972,-0.20000000000000107,-5.424601132269691,73.6,0.0
2010-06-01,9.4,2.4795454545454545,0.18,1.1215605940686268,8.551328146848402,-8.37606837606838,-0.5,-2.0733652312599715,76.0,0.0
2010-07-01,9.4,2.394761904761905,0.18,1.3407784804821077,7.747013804699288,-8.080808080808078,-0.5,-2.0895522388059695,67.8,0.0
2010-08-01,9.5,2.178181818181818,0.19,1.1501775395112546,6.968742858593813,2.2184300341296925,-0.09999999999999964,3.3957335655202536,68.9,0.0
2010-09-01,9.5,2.1676190476190476,0.19,1.1183122472331775,6.346682104150392,1.538461538461533,0.09999999999999964,-1.5200868621064068,68.2,0.0
2010-10-01,9.4,2.164,0.19,1.1666951489314625,5.760258506490601,1.6853932584269593,0.0,-2.7003484320557436,67.7,0.0
2010-11-01,9.8,2.309,0.19,1.084544776600338,5.39500875348351,-7.31292517006803,0.3000000000000007,-10.26315789473684,71.6,0.0
2010-12-01,9.3,2.6727272727272724,0.18,1.437793022217937,5.996200467756596,-7.2289156626506035,-0.1999999999999993,-7.331863285556784,74.5,0.0
2011-01-01,9.1,2.7794999999999996,0.17,1.7007834915029774,4.632504538708293,2.6058631921824116,-0.3000000000000007,-4.4762757385855,74.2,0.0
2011-02-01,9.0,2.803684210526316,0.16,2.124898173333145,3.827364378514675,-14.403973509933776,-0.8000000000000007,-5.8064516129032295,77.5,0.0
2011-03-01,9.0,2.7169565217391307,0.14,2.619241510354109,4.193025357503588,-5.660377358490565,-0.3000000000000007,-3.390838786436645,67.5,0.0
2011-04-01,9.1,2.7205000000000004,0.1,3.0772344447868694,3.505332834432129,-19.359534206695784,0.0,-1.4526710402999021,69.8,0.0
2011-05-01,9.0,2.6133333333333333,0.09,3.4589718808964998,2.248891889831528,-3.7735849056603765,0.0,5.230386052303859,74.3,0.0
2011-06-01,9.1,2.591818181818182,0.09,3.5023181506360412,2.3688810428642126,13.432835820895516,0.09999999999999964,3.0172413793103425,71.5,0.0
2011-07-01,9.0,2.5965,0.07,3.5798809769996165,2.484132372991299,14.102564102564097,-0.09999999999999964,-1.902044698050409,63.7,0.0
2011-08-01,9.0,2.072608695652174,0.1,3.75499603070808,2.7992943499441703,-2.3372287145242088,0.0,-3.076923076923077,55.8,0.0
2011-09-01,9.0,1.7638095238095235,0.08,3.812621692818685,2.4123837996766095,9.427609427609429,-0.09999999999999964,-0.11954572624028881,59.5,0.0
2011-10-01,8.8,1.8715,0.07,3.5222681306640524,3.4162150732061747,12.338858195211788,-0.1999999999999993,-2.4721279689772224,60.8,0.0
2011-11-01,8.6,1.7600000000000002,0.08,3.451432214581729,3.3174195787687877,30.458715596330265,-0.40000000000000036,-4.94505494505495,63.7,0.0
2011-12-01,8.5,1.720952380952381,0.07,3.062066838419386,2.859134467066693,28.7569573283859,-0.5,-9.754637941352485,69.9,0.0
2012-01-01,8.3,1.7260000000000002,0.08,3.0087663379855023,3.6910016324102957,14.761904761904754,-0.5,-6.125745526838966,75.0,0.0
2012-02-01,8.3,1.6895,0.1,2.8981784423473878,4.439148449901298,36.170212765957444,-0.29999999999999893,-6.679511881824018,75.3,0.0
2012-03-01,8.2,1.828181818181818,0.13,2.5828752813320977,2.8286925428470555,15.833333333333343,-0.3000000000000007,-2.758620689655178,76.2,0.0
2012-04-01,8.2,1.7609523809523808,0.14,2.2731633741348567,3.9040297563633697,35.92057761732852,-0.10000000000000142,1.0589013898080646,76.4,0.0
2012-05-01,8.2,1.518181818181818,0.16,1.7379429374660749,4.0185114178595605,26.203208556149725,-0.10000000000000142,2.821748107364064,79.3,0.0
2012-06-01,8.2,1.3304761904761906,0.16,1.653870448297634,3.7105509068513065,24.50657894736843,0.0,3.436988543371533,73.2,0.0
2012-07-01,8.2,1.2785714285714287,0.16,1.4175114798464783,3.418677881567289,18.780096308186202,0.0,-2.4230517354289494,72.3,0.0
2012-08-01,8.1,1.4095652173913045,0.13,1.6859349154821235,2.285596731143258,28.888888888888896,-0.09999999999999964,-0.0669344042838027,74.3,0.0
2012-09-01,7.8,1.4678947368421054,0.14,1.9497168982819613,2.2951570495009843,30.307692307692303,-0.39999999999999947,0.6856540084388296,78.3,0.0
2012-10-01,7.8,1.469047619047619,0.16,2.1556780595369363,1.9430024786973865,50.0,-0.39999999999999947,-1.0738255033557076,82.6,0.0
2012-11-01,7.7,1.386,0.16,1.7960197033926262,2.3257536633332743,17.15893108298172,-0.39999999999999947,7.501674480910925,82.7,0.0
2012-12-01,7.9,1.462,0.16,1.7595049796895523,2.0268355938483085,40.63400576368876,0.10000000000000053,-5.971712938711371,72.9,0.0
2013-01-01,8.0,1.6495238095238096,0.14,1.684061762098299,1.4467904237824847,22.821576763485485,0.20000000000000018,-4.206241519674359,73.8,0.0
2013-02-01,7.7,1.7168421052631575,0.15,2.0181404902574807,1.5945538776370727,36.64772727272727,0.0,-12.024922118380065,77.6,0.0
2013-03-01,7.5,1.7015,0.14,1.5187472411246183,2.534732272069462,45.32374100719425,-0.40000000000000036,-2.0055710306406738,78.6,0.0
2013-04-01,7.6,1.526818181818182,0.15,1.138808047576867,1.7145631127746475,10.889774236387773,-0.40000000000000036,-1.6288951841359811,76.4,0.0
2013-05-01,7.5,1.6777272727272723,0.11,1.3903888279197085,1.5594777439077445,31.355932203389834,-0.20000000000000018,-1.487252124645888,84.5,0.0
2013-06-01,7.5,1.9665,0.09,1.7157935271568725,1.7645800035426706,10.832232496697491,0.0,-2.046617396247863,84.1,0.0
2013-07-01,7.3,2.2413636363636367,0.09,1.885471805415806,1.2364196654177428,18.918918918918926,-0.2999999999999998,-0.3599712023038104,85.1,0.0
2013-08-01,7.2,2.380909090909091,0.08,1.538809488600279,2.2593571227008002,21.618037135278524,-0.2999999999999998,-4.126527677929548,82.1,0.0
2013-09-01,7.2,2.4055,0.08,1.0947341081747997,2.854766330187619,0.35419126328217754,-0.2999999999999998,-8.879860708067323,77.5,0.0
2013-10-01,7.2,2.2804545454545457,0.09,0.8767991434911471,2.4178437626957816,1.0928961748633892,-0.09999999999999964,3.6127167630057855,73.2,0.0
2013-11-01,6.9,2.4147368421052633,0.08,1.2328701961954458,2.281966236973343,32.052821128451384,-0.2999999999999998,-1.559688062387521,75.1,0.0
2013-12-01,6.7,2.5619047619047617,0.09,1.5128383667573297,2.245344069429267,2.6639344262294973,-0.5,10.191082802547768,82.5,0.0
2014-01-01,6.6,2.4642857142857144,0.07,1.557758795574915,1.8566277042981971,0.0,-0.6000000000000005,-8.856345885634587,81.2,0.0
2014-02-01,6.7,2.382631578947368,0.07,1.1204746347724948,2.148610089064018,-1.8711018711018657,-0.20000000000000018,2.1480804387568497,81.6,0.0
2014-03-01,6.7,2.3242857142857143,0.08,1.6126949139408042,2.724108069090181,-3.960396039603964,0.0,-7.22543352601156,80.0,0.0
2014-04-01,6.2,2.288095238095238,0.09,2.015125303606169,2.9123215934373725,24.910179640718553,-0.39999999999999947,-1.224177505738333,84.1,0.0
2014-05-01,6.3,2.17,0.09,2.166947687079812,3.226027611336124,8.279569892473116,-0.40000000000000036,-6.398210290827744,81.9,0.0
2014-06-01,6.1,2.146190476190476,0.1,2.0589816945944195,3.365841732090935,8.58164481525625,-0.6000000000000005,-2.336448598130836,82.5,0.0
2014-07-01,6.2,2.0359090909090907,0.09,1.9742378703305974,3.9177888079901857,23.29545454545454,0.0,-6.506584043377228,81.8,0.0
2014-08-01,6.1,1.9476190476190476,0.09,1.7150983482969062,3.1253041765382905,7.306434023991271,-0.20000000000000018,-3.760356915232632,82.5,0.0
2014-09-01,5.9,1.9676190476190476,0.09,1.6840509711232077,2.89843352202952,20.352941176470594,-0.1999999999999993,-5.901116427432218,84.6,0.0
2014-10-01,5.7,1.8586363636363636,0.09,1.6095417021513292,2.9919466037849007,16.108108108108098,-0.5,-4.308202154101082,86.9,0.0
2014-11-01,5.8,1.7983333333333331,0.09,1.231524989320798,3.3861066751199598,-8.999999999999996,-0.2999999999999998,-3.443708609271523,88.8,0.0
2014-12-01,5.6,1.5718181818181818,0.12,0.6531213919623191,3.170492700276073,7.085828343313372,-0.3000000000000007,-3.5593220338983045,93.6,0.0
2015-01-01,5.7,1.33,0.11,-0.22993097820542818,2.7262407410550527,22.184684684684687,0.0,-0.39826839826839766,98.1,0.0
2015-02-01,5.5,1.356315789473684,0.11,-0.08703146293520536,1.30473816054415,-6.144067796610164,-0.2999999999999998,3.3093278463648845,95.4,0.0
2015-03-01,5.4,1.4022727272727271,0.11,-0.022031284423873476,-0.0027479483621140055,-1.0309278350515427,-0.1999999999999993,-0.17574692442882123,93.0,0.0
2015-04-01,5.4,1.395,0.12,-0.10403098939391064,-0.6444572558062966,14.093959731543615,-0.2999999999999998,-0.5563282336578546,95.9,0.0
2015-05-01,5.6,1.5885,0.12,0.03503321824429584,-1.460487812501221,7.1499503475670245,0.09999999999999964,-9.045643153526973,90.7,0.0
2015-06-01,5.3,1.675,0.13,0.1795718097550525,-2.106390227283794,32.2722283205269,-0.10000000000000053,-3.6091549295774628,96.1,0.0
2015-07-01,5.2,1.656818181818182,0.13,0.22568611104094582,-1.6903126553953207,5.622119815668203,-0.20000000000000018,-2.8846153846153855,93.1,0.0
2015-08-01,5.1,1.4695238095238097,0.14,0.2413037985344868,-1.6854337113987983,14.837398373983746,-0.5,0.43795620437956373,91.9,0.0
2015-09-01,5.0,1.4595238095238094,0.14,0.008842961634170088,-2.2407414414912674,19.648093841642233,-0.2999999999999998,-1.5525114155251152,87.2,0.0
2015-10-01,5.0,1.4252380952380952,0.12,0.12761656067050708,-2.72506606749946,-1.4897579143389184,-0.20000000000000018,-3.870387038703871,90.0,0.0
2015-11-01,5.1,1.378421052631579,0.12,0.4363182169185187,-4.033068306068888,17.082917082917092,0.0,-2.4345930232558155,91.3,0.0
2015-12-01,5.0,1.26,0.24,0.6387247515364791,-4.496144811599123,6.803355079217144,0.0,0.5565862708719838,92.6,0.0
2016-01-01,4.8,1.1857894736842105,0.34,1.2375025026943876,-3.236256019749162,0.6451612903225712,-0.20000000000000018,4.719101123595504,92.0,0.0
2016-02-01,4.9,1.046,0.38,0.8472775790126619,-3.1193297695960798,38.261851015801355,-0.1999999999999993,-0.6517690875232796,91.7,0.0
2016-03-01,5.0,1.014090909090909,0.36,0.8916160965521946,-3.515311400177057,15.72916666666666,0.0,-2.859778597785978,91.0,0.0
2016-04-01,5.1,1.0371428571428571,0.37,1.1726257503534843,-2.6579036961380753,-2.268907563025213,0.2999999999999998,-4.864091559370531,89.0,0.0
2016-05-01,4.8,0.99,0.37,1.0784764621246223,-2.448153056399993,6.394810009267848,-0.10000000000000053,2.9053420805998043,94.7,0.0
2016-06-01,4.9,0.9127272727272728,0.38,1.0792865347959424,-1.678117946525337,-0.16597510373443924,-0.09999999999999964,0.7597340930674212,93.5,0.0
2016-07-01,4.8,0.8314999999999999,0.39,0.8683633430518256,-2.196738284260069,8.115183246073299,-0.2999999999999998,-2.481203007518795,90.0,0.0
2016-08-01,4.9,0.8191304347826087,0.4,1.0553158595656864,-2.164263084601936,3.6283185840708,0.10000000000000053,-4.007285974499086,89.8,0.0
2016-09-01,5.0,0.8595238095238096,0.4,1.5486446201652182,-1.9939516469206886,-12.745098039215685,0.09999999999999964,-5.183788878416584,91.2,0.0
2016-10-01,4.9,0.9215,0.4,1.685924966243646,-1.5023811304759715,24.102079395085063,0.10000000000000053,-1.3878180416345365,87.2,0.0
2016-11-01,4.7,1.1625,0.41,1.6843334719788938,-1.1862778785850958,-2.7303754266211566,-0.20000000000000018,-6.736242884250476,93.8,0.0
2016-12-01,4.7,1.2952380952380953,0.54,2.0507989115119862,-0.02049641716570516,9.24956369982548,-0.2999999999999998,0.2783300198807126,98.2,0.0
2017-01-01,4.7,1.226,0.65,2.5103933482571117,-0.8031281419274894,8.974358974358964,-0.20000000000000018,-4.612978889757624,98.5,0.0
2017-02-01,4.6,1.2178947368421054,0.66,2.8103616813294208,-0.6864591168616152,3.755102040816327,-0.10000000000000053,-6.307222787385558,96.3,0.0
2017-03-01,4.4,1.168695652173913,0.79,2.44119623655914,0.7162067590550603,7.110711071107101,-0.2999999999999998,-7.315622521808085,96.9,0.0
2017-04-01,4.4,1.0563157894736843,0.9,2.176223471915395,1.3993011097695573,-1.4617368873602765,-0.2999999999999998,-6.639344262295078,97.0,0.0
2017-05-01,4.4,1.0018181818181815,0.91,1.8563431667619756,1.7500792534729248,0.7839721254355503,-0.1999999999999993,3.800217155266017,97.1,0.0
2017-06-01,4.3,0.8445454545454546,1.04,1.640565809959127,1.4803308546539107,3.8237738985868575,-0.10000000000000053,6.096256684491985,95.0,0.0
2017-07-01,4.3,0.9455,1.15,1.7251073506566073,1.1187969195710634,-2.66343825665859,-0.10000000000000053,10.096575943810372,93.4,0.0
2017-08-01,4.4,0.8739130434782609,1.16,1.92812155729698,0.8523014668689877,-1.0247651579846306,0.0,3.661087866108792,96.8,0.0
2017-09-01,4.3,0.8175000000000001,1.15,2.1805652303711787,1.0630336308315114,10.580524344569287,0.0,9.838709677419356,95.1,0.0
2017-10-01,4.2,0.8104761904761905,1.15,2.020757753132485,2.2919955326540453,-4.265041888804266,-0.09999999999999964,-3.409090909090906,100.7,0.0
2017-11-01,4.2,0.6566666666666666,1.16,2.172493864295566,2.9662701539719283,11.66666666666667,-0.20000000000000018,0.0,98.5,0.0
2017-12-01,4.1,0.5585,1.3,2.129930719552253,2.467143465957866,-5.990415335463261,-0.20000000000000018,-10.939794419970628,95.9,0.0
2018-01-01,4.0,0.5519047619047619,1.41,2.151318868063945,2.7352874765469437,9.159663865546207,-0.20000000000000018,-2.8895768833849367,95.7,0.0
2018-02-01,4.1,0.6836842105263158,1.42,2.263468931091861,3.3994953469032696,0.472069236821393,-0.10000000000000053,-10.797174571140268,99.7,0.0
2018-03-01,4.0,0.5666666666666667,1.51,2.3309497646499366,3.224806264183644,10.75630252100841,-0.09999999999999964,-6.924979389942287,101.4,0.0
2018-04-01,4.0,0.4847619047619047,1.69,2.4709963021052994,3.309758614070435,11.343804537521818,0.0,-5.844845908607866,98.8,0.0
2018-05-01,3.8,0.4659090909090909,1.7,2.781921607842497,2.2584201444366236,17.286084701815028,-0.2999999999999998,0.11312217194570096,98.0,0.0
2018-06-01,4.0,0.379047619047619,1.82,2.8075506935940187,2.8410387544831828,-4.563650920736584,0.0,-1.417183348095663,98.2,0.0
2018-07-01,3.8,0.2823809523809523,1.91,2.854124785561929,3.2543243815604805,0.16583747927032544,-0.20000000000000018,-5.4176072234762955,97.9,0.0
2018-08-01,3.8,0.2534782608695652,1.91,2.6429238568742575,4.353587280888749,11.13028472821398,0.0,-5.762711864406778,96.2,0.0
2018-09-01,3.7,0.2363157894736842,1.95,2.332055105808828,4.313826088176409,5.842506350550392,-0.2999999999999998,-7.816711590296499,100.1,0.0
2018-10-01,3.8,0.2913636363636364,2.19,2.492032470218053,2.930867401734427,-2.863961813842486,0.0,1.670644391408116,98.6,0.0
2018-11-01,3.8,0.258,2.2,2.147328577667773,2.7666629800210174,-7.227022780832682,0.0,8.033573141486805,97.5,0.0
2018-12-01,3.9,0.1563157894736842,2.27,2.0023809043401064,2.5912536810940523,-6.966864910790149,0.19999999999999973,9.454191033138404,98.3,0.0
2019-01-01,4.0,0.1704761904761904,2.4,1.4875893578291333,1.9116422323518512,-5.61970746728252,0.20000000000000018,4.577464788732399,91.2,0.0
2019-02-01,3.8,0.1721052631578947,2.4,1.5188615351321877,1.1096417703535089,-12.21613155833986,0.0,-1.220865704772478,93.8,0.0
2019-03-01,3.8,0.1614285714285714,2.41,1.8831863513063984,0.6545559146318158,-9.635811836115327,-0.10000000000000009,-5.6990204808548555,98.4,0.0
2019-04-01,3.7,0.1876190476190476,2.42,2.000583470209061,-1.0247462328067725,-0.31347962382445305,-0.2999999999999998,-5.8361391694724984,97.2,0.0
2019-05-01,3.6,0.1886363636363636,2.39,1.7959105553606136,-0.010156011968476264,-4.716285924834196,-0.19999999999999973,-1.7977528089887618,100.0,0.0
2019-06-01,3.6,0.26,2.38,1.671194894390049,-0.7369328862962377,4.278523489932895,-0.19999999999999973,6.32672332389046,98.2,0.0
2019-07-01,3.7,0.2240909090909091,2.4,1.826331335037068,-1.3774541767684445,2.6490066225165476,0.0,-0.5959475566150174,98.4,0.0
2019-08-01,3.6,0.055,2.13,1.7376412106666406,-1.3396749291328724,6.754658385093171,0.0,-3.4324942791762014,89.8,0.0
2019-09-01,3.5,0.0515,2.04,1.6844977040391562,-1.7374573008364869,4.8799999999999955,-0.10000000000000009,-6.971580817051515,93.2,1.0
2019-10-01,3.6,0.1554545454545454,1.83,1.7339736996186295,-2.4594751580988228,8.517608517608522,-0.10000000000000009,1.7985611510791477,95.5,1.0
2019-11-01,3.6,0.1994736842105263,1.55,2.092290394862917,-2.047601522464615,14.56392887383573,0.0,6.350710900473944,96.8,1.0
2019-12-01,3.6,0.2495238095238095,1.55,2.3195274699624457,-2.2991807373363926,41.36986301369863,0.10000000000000009,12.649164677804304,99.3,1.0
2020-01-01,3.6,0.2385714285714285,1.55,2.599767976845202,-2.290379015513233,28.95595432300162,0.0,1.531213191990588,99.8,1.0
2020-02-01,3.5,0.1731578947368421,1.58,2.3413166797595197,-1.4232217750208775,38.18019625334523,-0.10000000000000009,-6.327985739750441,101.0,1.0
2020-03-01,4.4,0.4218181818181818,0.65,1.4940399642909163,-5.315054964389065,6.297229219143574,0.8000000000000003,889.5127118644067,89.1,1.0
2020-04-01,14.8,0.4328571428571428,0.05,0.3130472940411133,-17.318282261376304,-26.415094339622648,11.200000000000001,2063.921113689095,71.8,0.0
2020-05-01,13.2,0.5035000000000001,0.05,0.1982013035848551,-16.047738104539413,-19.64423820572312,9.7,933.9676498572787,72.3,0.0
2020-06-01,11.0,0.5436363636363637,0.08,0.7166562831830481,-10.586064673581452,1.8503620273531807,6.6,-36.184562680655176,78.1,0.0
2020-07-01,10.2,0.4754545454545455,0.09,0.9968647625897997,-6.783544959427434,23.064516129032263,-4.600000000000001,-70.33185010454083,72.5,0.0
2020-08-01,8.4,0.5104761904761905,0.1,1.2810698495523853,-6.512241935326724,1.5272727272727327,-4.799999999999999,-57.559584061838585,74.1,0.0
2020-09-01,7.8,0.5447619047619048,0.09,1.3910228912373812,-6.183101854793705,12.35697940503433,-3.2,-42.84516020801878,80.4,0.0
2020-10-01,6.9,0.6376190476190476,0.09,1.2303863428671624,-4.622683457542831,16.452830188679247,-3.299999999999999,-42.50813155041562,81.8,0.0
2020-11-01,6.7,0.7042105263157895,0.09,1.1757452138405844,-4.763324870606622,14.042867701404283,-1.7000000000000002,-18.55485689505637,76.9,0.0
2020-12-01,6.7,0.7977272727272727,0.09,1.3204191315779434,-3.28150457766595,4.263565891472876,-1.0999999999999996,-1.7610801291458755,80.7,0.0
2021-01-01,6.4,0.95,0.09,1.3738437137002402,-2.1295843569181794,2.719797596457929,-0.5,4.073422177520736,79.0,0.0
2021-02-01,6.2,1.1426315789473684,0.08,1.6698167791706853,-5.680577271180343,-9.748224661071658,-0.5,0.4991680532445919,76.8,0.0
2021-03-01,6.1,1.463913043478261,0.07,2.6678187820641908,1.0038210492383515,33.33333333333333,-0.6000000000000005,-20.017926501344483,84.9,0.0
2021-04-01,6.1,1.471818181818182,0.07,4.133077115360573,16.55213518144698,59.08119658119657,-0.3000000000000007,-28.847547716839816,88.3,0.0
2021-05-01,5.8,1.466,0.06,4.918257089467626,15.673379835366053,53.99422521655437,-0.40000000000000036,-37.85430463576159,82.9,0.0
2021-06-01,5.9,1.3163636363636364,0.08,5.295632620349999,8.958396565691418,31.43759873617693,-0.1999999999999993,-38.812103100485615,85.5,0.0
2021-07-01,5.4,1.099047619047619,0.1,5.245169381309234,5.4998863464161385,4.849279161205766,-0.6999999999999993,-37.18166383701188,81.2,0.0
2021-08-01,5.1,1.0659090909090911,0.09,5.152015301793966,4.261168528131454,14.326647564469909,-0.7000000000000002,-23.326939471440756,70.3,0.0
2021-09-01,4.7,1.1338095238095238,0.08,5.351215590949132,3.0124970172007215,6.9925322471147355,-1.2000000000000002,-13.369963369963367,72.8,0.0
2021-10-01,4.5,1.19,0.08,6.235042390298062,3.5628709708763973,2.8515878159429686,-0.9000000000000004,-23.135135135135133,71.7,0.0
2021-11-01,4.1,1.0515,0.08,6.901970403700863,3.897545981936834,10.628645495787437,-1.0,-34.25990271021543,67.4,0.0
2021-12-01,3.9,0.785,0.08,7.174340285065539,2.2463731281071153,6.009913258983901,-0.8000000000000003,-39.0415785764623,70.6,0.0
2022-01-01,4.0,0.7835,0.08,7.558805726967832,1.3181341030033655,4.248768472906406,-0.5,-15.893108298171587,67.2,0.0
2022-02-01,3.9,0.4989473684210526,0.08,7.937278766517819,5.429593086433182,23.748211731044357,-0.19999999999999973,-7.3995771670190225,62.8,0.0
2022-03-01,3.7,0.2182608695652173,0.2,8.572204966013853,3.0544104015221674,0.7109004739336511,-0.19999999999999973,-0.5780346820809301,59.4,0.0
2022-04-01,3.7,0.2095,0.33,8.231750770777225,2.923435475508507,21.356615177971783,-0.2999999999999998,-10.953177257525082,65.2,0.0
2022-05-01,3.6,0.2814285714285714,0.77,8.538171195642065,1.9110298059100916,-3.3749999999999947,-0.2999999999999998,-4.223744292237441,58.4,0.0
2022-06-01,3.6,0.1452380952380952,1.21,8.979361103105798,1.2217594016755706,-6.490384615384615,-0.10000000000000009,-1.1627906976744207,50.0,0.0
2022-07-01,3.5,-0.1399999999999999,1.68,8.462576727730099,0.968659945597028,-13.624999999999998,-0.20000000000000018,2.4413145539906145,51.5,0.0
2022-08-01,3.6,-0.3521739130434782,2.33,8.222579178218826,1.0521402147261716,-4.010025062656641,0.0,3.218116805721105,58.2,0.0
2022-09-01,3.5,-0.3376190476190476,2.56,8.192106896425821,2.462018715752601,-6.027918781725883,-0.10000000000000009,-7.058823529411762,58.6,0.0
2022-10-01,3.6,-0.3915,3.08,7.758813957693,1.0648183730078253,-8.884688090737235,0.10000000000000009,-7.149404216315302,59.9,0.0
2022-11-01,3.6,-0.6125,3.78,7.122856456533988,0.08902953837490735,-15.992970123022843,0.0,-2.655889145496537,56.7,0.0
2022-12-01,3.5,-0.6723809523809524,4.1,6.404600402357152,-0.8016099812473643,-24.254821741671538,0.0,5.41772151898734,59.8,0.0
2023-01-01,3.5,-0.6759999999999999,4.33,6.327178517960097,0.3188082918103907,-19.787359716479624,-0.10000000000000009,0.9378084896347394,64.9,0.0
2023-02-01,3.6,-0.7868421052631579,4.57,5.957820738137087,-0.1634816837026265,-19.36416184971098,0.0,1.8979833926453082,66.9,0.0
2023-03-01,3.5,-0.6395652173913043,4.65,4.917719362889961,-0.36512224493961964,-19.647058823529406,0.0,9.990393852065328,62.0,0.0
2023-04-01,3.4,-0.5559999999999999,4.83,4.950079879124369,-0.1843454258675048,-25.677919203099066,-0.10000000000000009,5.819070904645485,63.7,0.0
2023-05-01,3.6,-0.5581818181818181,5.06,4.131851231385042,-0.39957171123073953,4.07503234152653,0.0,5.238649592549471,59.0,0.0
2023-06-01,3.6,-0.8914285714285713,5.08,3.070617072997095,-0.8893464531073647,-8.740359897172233,0.10000000000000009,9.497816593886466,64.2,0.0
2023-07-01,3.5,-0.929,5.12,3.287749268428297,-0.31247838929887584,5.933429811866864,0.10000000000000009,8.687615526802217,71.5,0.0
2023-08-01,3.7,-0.7339130434782608,5.33,3.722504803505289,-0.25421306219911566,-13.77284595300261,0.10000000000000009,8.407079646017701,69.4,0.0
2023-09-01,3.7,-0.643,5.33,3.687206638119256,-0.2672476942852109,-7.562457798784605,0.10000000000000009,-12.82153539381854,67.8,0.0
2023-10-01,3.9,-0.2695238095238095,5.33,3.2512659098611785,-0.7742988102069082,-4.56431535269709,0.3999999999999999,-10.607993197278908,63.8,0.0
2023-11-01,3.7,-0.3795238095238095,5.33,3.1333462745911866,-0.09043615385835313,6.136680613668055,0.0,-11.020408163265305,61.3,0.0
2023-12-01,3.8,-0.437,5.33,3.3159099427102934,0.8386591076755323,16.049382716049386,0.09999999999999964,-4.940530649588293,69.7,0.0
2024-01-01,3.7,-0.2647619047619048,5.33,3.0883429864855705,-1.2762549126908995,1.4727540500736325,-0.19999999999999973,0.5945303210463715,79.0,0.0
2024-02-01,3.9,-0.3365,5.33,3.157074141648697,-0.3543266402759926,11.46953405017921,0.19999999999999973,-3.669724770642202,76.9,0.0
2024-03-01,3.9,-0.3795,5.33,3.4868349120836584,-0.557312624665296,-5.051244509516839,0.10000000000000009,3.561116458132818,79.4,0.0
2024-04-01,3.9,-0.334090909090909,5.33,3.3607951262196734,-0.9971062585799939,2.6805658972449686,0.19999999999999973,-0.5910165484633523,77.2,0.0
2024-05-01,3.9,-0.3740909090909091,5.33,3.244278584003113,-0.06499644303002983,-17.40211311373524,0.0,5.714285714285716,69.1,0.0
2024-06-01,4.1,-0.431578947368421,5.33,2.9702579486470926,0.7734749239909133,-7.183098591549298,0.19999999999999973,9.107806691449817,68.2,0.0
2024-07-01,4.2,-0.2472727272727272,5.33,2.9414757935583014,-0.9226344732312097,-13.319672131147541,0.30000000000000027,12.84185493460166,66.4,0.0
2024-08-01,4.2,-0.0945454545454545,5.33,2.607144490692037,-0.4050008280501727,5.526116578349738,0.30000000000000027,3.8738738738738787,67.9,0.0
2024-09-01,4.1,0.101,5.13,2.4264830315416708,-1.2004422838397089,-0.876552227903582,0.0,-4.386712095400336,70.1,0.0
2024-10-01,4.1,0.1231818181818181,4.83,2.578844053871343,-0.9947356843759692,-0.7246376811594235,-0.10000000000000053,-0.42149631190726566,70.5,0.0
2024-11-01,4.2,0.0984210526315789,4.64,2.719472461284833,-1.5579409481489392,-14.58607095926413,0.0,-4.94362532523851,71.8,0.0
2024-12-01,4.1,0.1657142857142857,4.48,2.870690967509981,-0.2741466217243804,-0.6648936170212782,0.0,-0.7795100222717122,74.0,0.0
2025-01-01,4.0,0.3571428571428571,4.33,2.9909783078999608,0.849002693950851,-1.8142235123367212,-0.09999999999999964,-8.994708994709,71.7,0.0
2025-02-01,4.2,0.2410526315789473,4.33,2.8015834477613355,0.8119858403550007,-4.1157556270096425,0.0,2.6459854014598605,64.7,0.0
2025-03-01,4.2,0.3104761904761904,4.33,2.381981462805549,0.5802453773984029,3.7779491133384635,0.10000000000000053,0.11223344556678949,57.0,0.0
2025-04-01,4.2,0.5014285714285714,4.33,2.32538823025783,0.8823523543694645,1.522842639593902,0.20000000000000018,5.000000000000004,52.2,0.0
2025-05-01,4.3,0.5038095238095238,4.33,2.3772651073680873,0.10162299356553106,-3.009781790820165,0.09999999999999964,3.022222222222215,52.2,0.0
2025-06-01,4.1,0.4945,4.33,2.680453865910226,0.5793208714095943,4.628224582701068,-0.10000000000000053,7.17488789237668,60.7,0.0
2025-07-01,4.3,0.5095454545454546,4.33,2.742618052167134,1.9187662602012212,12.844759653270298,0.09999999999999964,-1.8826135105204922,61.7,0.0
2025-08-01,4.3,0.5609523809523809,4.33,2.9385917430316155,1.1886779865559305,-7.3888091822094655,0.0,-0.9490940465918918,58.2,0.0
2025-09-01,4.4,0.5519047619047619,4.22,3.0225715847133294,1.8631698334008018,-2.800294767870304,0.3000000000000007,-2.092050209205021,55.1,0.0
2025-10-01,4.45,0.5404545454545455,4.09,2.8587179332828505,1.7593332629600056,-7.0802919708029215,0.15000000000000036,2.3702031602708784,53.6,0.0
2025-11-01,4.5,0.543888888888889,3.88,2.6964439164939513,1.7543117556713783,1.4615384615384697,0.20000000000000018,-3.1358885017421567,51.0,0.0
2025-12-01,4.4,0.6422727272727273,3.72,2.653304114557753,1.1629935222018384,-7.7643908969210145,0.0,-6.303418803418803,52.9,0.0
